analysis,dimension,threshold_value,scenario_label,n_rows,n_unique_peptides,ic50_source
baseline,all,,full_SB,130,33,iedb_netmhcpan_ba_ic50
leave_one_out,relax_immuno,,relax_immuno,130,33,iedb_netmhcpan_ba_ic50
leave_one_out,relax_processing,,relax_processing,130,33,iedb_netmhcpan_ba_ic50
leave_one_out,relax_EL,,relax_EL,131,33,iedb_netmhcpan_ba_ic50
leave_one_out,relax_IC50_binding,,relax_IC50_binding,397,47,iedb_netmhcpan_ba_ic50
sensitivity,immuno_min,0.0,imm>0.0,130,33,iedb_netmhcpan_ba_ic50
sensitivity,immuno_min,0.05,imm>0.05,130,33,iedb_netmhcpan_ba_ic50
sensitivity,immuno_min,0.1,imm>0.1,130,33,iedb_netmhcpan_ba_ic50
sensitivity,immuno_min,0.15,imm>0.15,130,33,iedb_netmhcpan_ba_ic50
sensitivity,immuno_min,0.2,imm>0.2,130,33,iedb_netmhcpan_ba_ic50
sensitivity,immuno_min,0.3,imm>0.3,0,0,iedb_netmhcpan_ba_ic50
sensitivity,processing_min,0.5,proc>0.5,130,33,iedb_netmhcpan_ba_ic50
sensitivity,processing_min,1.0,proc>1.0,130,33,iedb_netmhcpan_ba_ic50
sensitivity,processing_min,1.25,proc>1.25,130,33,iedb_netmhcpan_ba_ic50
sensitivity,processing_min,1.5,proc>1.5,130,33,iedb_netmhcpan_ba_ic50
sensitivity,processing_min,1.75,proc>1.75,130,33,iedb_netmhcpan_ba_ic50
sensitivity,processing_min,2.0,proc>2.0,0,0,iedb_netmhcpan_ba_ic50
sensitivity,processing_min,2.5,proc>2.5,0,0,iedb_netmhcpan_ba_ic50
sensitivity,el_rank_max_pct,1.0,EL<1.0,130,33,iedb_netmhcpan_ba_ic50
sensitivity,el_rank_max_pct,2.0,EL<2.0,131,33,iedb_netmhcpan_ba_ic50
sensitivity,el_rank_max_pct,3.0,EL<3.0,131,33,iedb_netmhcpan_ba_ic50
sensitivity,el_rank_max_pct,5.0,EL<5.0,131,33,iedb_netmhcpan_ba_ic50
sensitivity,el_rank_max_pct,10.0,EL<10.0,131,33,iedb_netmhcpan_ba_ic50
sensitivity,el_rank_max_pct,20.0,EL<20.0,131,33,iedb_netmhcpan_ba_ic50
sensitivity,ic50_max_nm,50.0,IC50<50nM,78,26,iedb_netmhcpan_ba_ic50
sensitivity,ic50_max_nm,100.0,IC50<100nM,109,31,iedb_netmhcpan_ba_ic50
sensitivity,ic50_max_nm,150.0,IC50<150nM,130,33,iedb_netmhcpan_ba_ic50
sensitivity,ic50_max_nm,250.0,IC50<250nM,163,37,iedb_netmhcpan_ba_ic50
sensitivity,ic50_max_nm,500.0,IC50<500nM,220,41,iedb_netmhcpan_ba_ic50
sensitivity,ic50_max_nm,1000.0,IC50<1000nM,266,45,iedb_netmhcpan_ba_ic50
sensitivity,ic50_max_nm,5000.0,IC50<5000nM,375,47,iedb_netmhcpan_ba_ic50
