smPEP_ID,GeneSymbol,length_aa,sequence
151759,GATA2-AS1,15,MRSPRSSSLFGVSGD
207912,FAM66B,11,DLSFLHPWSGK
281042,LINC00958,11,LLASLSPSAVS
219017,FIRRE,50,MCLLEVPGATKLLAARRTLKRNGISPPNQEGLALLLGELTTHKQMRTKTE
189525,XIST,16,MDDSRSGRGSHVHCMS
152697,LINC01515,17,MSLNCRGRGMDKDPVFS
171300,AC020928.1,86,MRAKGFLAPSLVLAVSLELMHPDANSPSECRGDETLTGQFNLYMGDKLEGKTNGRRVKRKLNYCANTRHSNPGGYCRVNNDRYYFV
171301,AC020928.1,17,SHDASQRILGSKPGPGC
167028,FIRRE,20,MPCACWRSQVQPNCLQLGGP
315138,AC090204.1,68,LWSFLYCSRDTVFFLCSSNPMGNITEVKCNSHHVISRAHTNKQHDLLLNIELDHLAEVVFARFLCKGE
315139,AC090204.1,30,PTSTCGPSSTAAETLFSSFVLPTPWGISQK
224934,XIST,31,LWVVALSGISTLFFAADHLVVCECTYRFGRE
141985,LINC01572,37,MKLSVSVEPGISGRGRYKIFKWRSIPEPNHGCDFIYR
141987,LINC01572,37,MKLSVSVEPGISGRGRYKIFKWRSIPEPNHGCDFIED
141986,LINC01572,35,MKLSVSVEPGISGRGRYKIFKWRSIPEPNHGCDFM
145805,DUXAP8,18,MTLLHYFDGWRIFPSVCI
180446,LINC01515,16,MELTTPLTKKAHLSCS
175303,AC021092.1,56,MLKEKRSKSHSSGGSVATPRCPLGTNPKATSACLVGNVNCYPESRPSLSLVQDRKY
268120,SLC16A1-AS1,23,LPEKKEKSPRGLTLTGGGDARAE
167368,LINC01980,13,MPTGSKERNSIEL
132529,XIST,59,FCGSVFYSSTLFSIFCPSGLRIPGFIIFSLPNGAVDTCLLILFYSPIGAADTCFLFFFP
213019,PTPRG-AS1,11,MYPQQPELPDI
195650,PAX8-AS1,80,MAKDGVLLLLPKLECNGAIFAYCNLCFLGSSDSPASASRVAGITDGASLCHPGWSAVAQSRVTATSAPQLQAILLSQPPE
215027,AC016747.1,22,HAHKPALLGDLKAASANPGWRC
319898,LINC00958,14,VKKLLASLSPSAVS
169059,AC100861.1,22,AAAWMPLHSESFCHLVPAPGFS
192830,LINC02542,12,MASFQWRADSWD
322062,AL592435.1,43,VTREEVQRLHFKFWMTDLSGLSGPLSDKMGVFQRDHGSLQLGL
322061,AL592435.1,28,VTREEVQRNRALKKHCLDIFRGKKEKVN
178637,UCA1,77,MLDTWCQNLGQGDSFVRPAPCPGPHSVKRSTCDLGSSDQPKEHLTNFKSAPSRVPGALAQSSLADSFPDLLGLVAED
322064,AL592435.1,22,VTREEVQSELLAWLNPLTCFGS
189231,XIST,35,KMLVLWVVALSGISTLFFAADHLVVCECTYRFGRE
190979,PTPRG-AS1,19,MATLYLLIYSFCIYQAQFW
215030,AC016747.1,75,LTQRSLLSENVQRHHPCYEEGMPVQQPQGVFLWPSNKKSLHYISRPDAVVHACNPSTVGGRDGRITRSADRDHPG
172064,SLC16A1-AS1,26,PQFLPEKKEKSPRGLTLTGGGDARAE
318113,AC090204.1,28,LFSSFVLPTPWHRNTLHCGQGLQERWHQ
296632,GATA2-AS1,22,PRRLASVCLSEASAQLTILHQL
224746,HOXA11-AS,53,MLAGGPPGARGEAGVRPHAACLCSIAGSSFSSVQRAVRAQLSSPPPTRSSPGG
253238,AL117329.1,44,LKSLRRKEFCLQTVFELKTVASTPAGISSLLASSADSHLPASTI
253237,AL117329.1,45,LKSLRRKEFCLQTVFELKTVASTPAGISSLLASSADSHLPASTIV
253236,AL117329.1,48,LKSLRRKEFCLQTVFELKTVASTPAGISSLLASSADSHLPASTIVVKQ
253231,AL117329.1,49,LKSLRRKEFCLQTVFELKTVASTPAGISSLLASSADSHLPASTIEGSHL
253230,AL117329.1,50,LKSLRRKEFCLQTVFELKTVASTPAGISSLLASSADSHLPASTIQEGSHL
253233,AL117329.1,51,LKSLRRKEFCLQTVFELKTVASTPAGISSLLASSADSHLPASTIAAEAEEP
253229,AL117329.1,53,LKSLRRKEFCLQTVFELKTVASTPAGISSLLASSADSHLPASTINHCLSMLRG
253235,AL117329.1,65,LKSLRRKEFCLQTVFELKTVASTPAGISSLLASSADSHLPASTIVQLRRRNPKGSLRSWICPSMH
253232,AL117329.1,85,LKSLRRKEFCLQTVFELKTVASTPAGISSLLASSADSHLPASTIDTAGRQPSVSQKVSPHLMAKPADALVLDFPASRMAAEAEEP
253234,AL117329.1,86,LKSLRRKEFCLQTVFELKTVASTPAGISSLLASSADSHLPASTIGQWKKTAQRGTGWPFWWKLSGLDLNLGFRPRDLQVHIKAETL
141843,MIAT,15,MKRVFPTLKTTEWSI
298813,AC106786.1,45,PTQPPWAAALGRCRVLAPWFHALAASRLDTWVLRQHKIDFLNLGN
161510,HOXA11-AS,61,MQLRQALGCFRGADIRGDFSWEVQQPSLAHRALGKTRLRLKPPRKAKSEFHFLKRPARVRL
136979,AC156455.1,11,MKPSQERAERR
206709,AC100861.1,17,LGGRMGGGMKDTEATAG
114222,LINC01234,75,ITPSEVTPEGGLEGESNERERERKEGREGGRMEGCMDLDVWVPFLLPWQKLTHPSVSIQNGISSWAPSPESPASR
295842,AC016747.1,36,EPRPIGFPNGKSAAHAHKPALLGDLKAASANPGWRC
249074,XIST,91,FWPIGASDTCFFFFYFSLPIGASDTCFNFCFSGPSGPRIPALIFFFHRPSVLFMDEKMLVLWVVALSGISTLFFAADHLVVCECTYRFGRE
379518,XIST,66,FLVDISVFCGSVFYSSTLFSIFCPSGLRIPGFIIFSLPNGAVDTCLLILFYSPIGAADTCFLFFFP
383213,AC011468.2,17,LAVFPCPYPFPGDRYGP
215028,AC016747.1,70,MSRGTIPAMKRECQYNSHKGSSCGPQTKNHCITSAESDSRPVPQAAVQWRDLGSLHLRLPDSSNSPASAS
318114,AC090204.1,16,LFSSFVLPTPWGISQK
287188,AC021092.1,73,LEPVCTTPQSIWITLLRMLKEKRSKSHSSGGSVATPRCPLGTNPKATSACLVGNVNCYPESRPSLSLVQDRKY
221465,FOXD3-AS1,51,QGKPPSWEPQEPAWCGRHTEPNPCLSAAAWEGSAGLTRGRSTRGGVPRGNN
150462,BX088651.4,101,ARVTVLVPTVQMRKLRLRASNPGPSGAPGTRRHFSTSRGGHHCARRWLRRVRSLVLFSRSRSQTPSCQNLDPNPPIAHFPLPLERISEVPRTACLHGRDAS
318115,AC090204.1,12,LFSSFVLPTPCE
208292,VPS9D1-AS1,84,MVLFVLQDGGVKGPLLPFLRGQGDLAAKPPGEKGTRWVPGPGPPRSGPRGGQESHLLAASWSRSRRSSIFLWSWVQSQGAERGI
264830,HCG11,32,LQIPEASAVAAHWLGPGLEAVANVSSLPYLGD
320198,AL117327.1,26,VKTFKIETNVAGQEEQGPAFRCLGLS
164924,MAP3K2-DT,62,PFMHIPDHISTGAVEMREMGMGLTRTRGIFITDPLTEVSKSQEQGCAPQKHRGQWKISLLLF
145943,AL592435.1,29,MTDLSGLSGPLSDKMGVFQRDHGSLQLGL
150511,PIK3CD-AS2,52,APCRPHRTPPGRGFPQDEKSATGSHAGPWTGRQRLGGVLGAEPPNLCSHLLL
207453,AC140479.5,78,MVAATHIVYPLLQGWVMYVSLTSFLISLMFLLSYLFGFYKRFESWRVLDSLYHGTTGILYMSAAVLQVHATIVSEKLL
122526,PIK3CD-AS2,14,PPSCRPPPEGGERC
224710,PVT1,19,MLAVPVTCGDTARSALQIY
142876,MALAT1,23,MKVAGGLAWQPHGGGEQALCVED
262313,DUXAP8,52,LIPSETASTSPAASGFFMWLQMAGFPKGFWLKHIPWCICTAVSSSLQLCLNR
176963,LINC00839,81,MLEAAPPWAGGEGRELGAACLHSLRMLEAGGSEAATARGRGDFGAASCSDLAFRCASSQNPRSLEPVASSPERRRRQPSRA
255872,SLC16A1-AS1,44,LTSSRQSALVRDTTIGLTPQFLPEKKEKSPRGLTLTGGGDARAE
146085,AC022075.1,42,FWGLIRIGDDRFTVPFACDTRSPGPGETRHPRCATAELHPDI
146086,AC022075.1,77,MTDLLSPLPAILGPRGQERPGIQGVPQLSFTRIYRPALPTSQHPAWQRNGTEDGAAGRYQHFRNCGWQPCSKWDHIP
233694,AC022075.1,93,IPYISRYISGGSSGLEMTDLLSPLPAILGPRGQERPGIQGVPQLSFTRIYRPALPTSQHPAWQRNGTEDGAAGRYQHFRNCGWQPCSKWDHIP
148125,AC007128.1,32,MTWRTGGSHSVHPRVPSVLCVVPTACFQVKFL
104714,AL117327.1,21,IETNVAGQEEQGPAFRCLGLS
142238,AC100861.1,13,MGGGMKDTEATAG
264661,FIRRE,33,LQRTRQYQVAYKRMPCACWRSQVQPNCLQLGGP
272616,HHIP-AS1,24,LPGLKAAKLRLRKKRQGDIPDAVE
155587,LINC01515,26,MSQVLDKGVKMCVTHVLMDYCPKQDM
223896,LINC02086,29,MLKYPTIICGFLLSMLSFLVLHVFLKLYY
272617,HHIP-AS1,25,LPGLKAAKLRLRKKRENCNPCLQPD
47127,HOXA10-AS,39,TRLLSRESRGCHRRPGTTRAVMPRPARPPRAEVPGDDFN
267540,AC100861.1,20,AWMPLHSESFCHLVPAPGFS
1016,LINC00958,13,KKLLASLSPSAVS
71292,LINC00839,94,RRRRQPSRAFACTLPGCWRLEAVTQQQREATLERPHIATSPSAARPPRAQEARNLWHPSLKGEDGNPAEALLGWGLHDRAGLIKWRPTRGSNPG
311295,GATA2-AS1,38,LSEASAQVKRGAGGRRAPLGWEPARLVPLGDPPARAAC
311294,GATA2-AS1,17,SVCLSEASAQLTILHQL
372638,XIST,47,FFHRPSVLFMDEKMLVLWVVALSGISTLFFAADHLVVCECTYRFGRE
200498,AC117498.2,12,PARSSCPSYLGD
147766,LINC00511,70,MTEGEGRAFEIIFQPLLFRPKGGESCLGLVRYFSLSTLVFSCNVWPPFPARPPAFLVHFLENVVESEVSG
99476,ELFN1-AS1,65,GASATIVITFNLLLKITQSQARGSLANHQGGPAAPRSPEGVQSSTRGGESGLQTQSPGPTGWASA
257416,LINC00511,40,LRDDPPSALSSLAERLSRRGSLVGAGDARGRKARSGVQAG
202283,KCNMB2-AS1,38,MGSYYIAQAEVQWLLTAVIIMHCSFEFLGLSDLPTLAS
161951,AC020928.1,68,SLELMHPDANSPSECRGDETLTGQFNLYMGDKLEGKTNGRRVKRKLNYCANTRHSNPGGYCRVNNDRY
270338,FENDRR,41,LPLPPQRSGAGWGRWSHERWCRERSAGQRRSPGASRRAQTQ
270337,FENDRR,43,LPLPPQRSGAGWGRWSHERWCRERSAGQRRSPGASRRAQTQDL
270335,FENDRR,64,LPLPPQRSGAGWGRWSHERWCRERSAGQRRSPGASRRAQTQDYFMHIKENATTVDPEQPMACSH
270334,FENDRR,90,LPLPPQRSGAGWGRWSHERWCRERSAGQRRSPGASRRAQTQKVGQEDGGEHFPSFTHTCLGIAFACMQLWPAATEECLHKELFSAHTPTQ
270336,FENDRR,91,LPLPPQRSGAGWGRWSHERWCRERSAGQRRSPGASRRAQTQDYFMHIKENATTVDPEQRRKQRSKEVSKLVLAEEKTQNTQPQILKNIAKH
145942,AL592435.1,15,MTDLSGLSGPLSDKM
295843,AC016747.1,84,LALLTSPNDPCCRKMSRGTIPAMKRECQYNSHKGSSCGPQTKNHCITSAESDSRPVPQAAVQWRDLGSLHLRLPDSSNSPASAS
273307,AC103702.2,47,VEGAKGDVPAASSRPSPERLQEHAPSPGAGRRAARESCSARTQRQGA
151225,MIR100HG,11,MRETIRKTEKL
312181,AL590666.2,16,GQGSIPASACLPLELS
129058,XIST,69,SDTCFNFCFSGPSGPRIPALIFFFHRPSVLFMDEKMLVLWVVALSGISTLFFAADHLVVCECTYRFGRE
349448,AL117327.1,17,VAGQEEQGPAFRCLGLS
300397,EMX2OS,33,RTGIAPRAPRGVISGWLHASAEDPSSCQCHLSA
233732,DUXAP8,51,IPSETASTSPAASGFFMWLQMAGFPKGFWLKHIPWCICTAVSSSLQLCLNR
283401,LINC01515,28,LEFKRLGPHSRHMELTTPLTKKAHLSCS
196253,AP001107.9,33,MARAQQKGNQNAPFLPRLLLSLCPKRSALRLTW
300398,EMX2OS,41,PPPPPPPAPLPPGHPGPCRVPGRRRLRCGPLNPEPASPKLV
171372,LINC00472,58,MRGWGRLPTGRFSPRQSRLFPRRCPLQDSICQRSSSPLLLLPGRAPPAAAERTRDPAR
217618,MAGI2-AS3,13,MSYNNRMQESTYQ
145030,ZNF528-AS1,18,MNFKSHLPWKQKEREERE
192600,AC034231.1,20,ESTFLMAVQASQAPCPVDPG
154721,LINC02609,25,LEAAAPVYLRRMRLSLLQLGLFHTP
377972,ATP6V1B1-AS1,33,LLYRTQARVCPKEIRRWSDLKVIIFCSPSYSGG
139844,TENM3-AS1,10,ALMRGLPAAD
129169,SLC16A1-AS1,30,IGLTPQFLPEKKEKSPRGLTLTGGGDARAE
139843,TENM3-AS1,34,MNLLRHLKFTRTNKMGGGHFRSAESPEEVAVQDT
169423,AC116049.2,47,MPSVTPFFDLERELPDPLHFPSEVMPRPASAHARCAHPLTCTHCLAR
168512,LINC01980,21,MPWIPAIPLAMAPKLTHTRKT
170029,AC087392.1,39,MPLKWTNGKQRVTEDNVLKNADSSSNCTPWNGQPSPICP
136978,AC156455.1,20,MKPSQERAERRQVFTGSYPT
215186,HOXA10-AS,97,MSMPVSPSLGQGRKEERKKKPRGLYPLIKHSTALQADMPGGGSFAPLTSGQTPQRQQWDLGLPARFAPGWAGNQLGRRQGPFRAVGPQDSKPSPVRT
207454,AC140479.5,85,MVAATHIVYPLLQGWVMYVSLTSFLISLMFLLSYLFGFYKRFESWRVLDSLYHGTTGILYMSAAVLQVHATIVSEKLLDPRIYYI
172900,LINC01806,38,CRKAKLRCGHWALGSVGKGKGESQKMEKLSPFHGSFLL
312870,ZIM2-AS1,16,LSSYSPWAAEGWLLSC
177783,DUXAP8,17,MLSSRFNSMAPNDEISF
205913,MIR100HG,16,MGSKITLLEAAGEKHS
217960,LINC00511,42,MCKTCVPGKAPLSLQRSSESHGRSQQSSKCRLGKSRGLCGGD
217963,LINC00511,44,MCKTCVPGKAPLSLQRSSESHGRSQQSSKCRLGKSRGLCGGATS
217962,LINC00511,46,MCKTCVPGKAPLSLQRSSESHGRSQQSSKCRLGKSRGLCGGETATG
217961,LINC00511,74,MCKTCVPGKAPLSLQRSSESHGRSQQSSKCRLGKSRGLCGGWEGLIHIPTRKFSRTPACHLDPLEGPGSGWTTS
255711,AC090204.1,75,LTSTDLYLWSFLYCSRDTVFFLCSSNPMGNITEVKCNSHHVISRAHTNKQHDLLLNIELDHLAEVVFARFLCKGE
255709,AC090204.1,72,LTSTDLYLWSFLYCSRDTVFFLCSSNPMAQKHSPLRPRIAGEVASVIQDFFSYLFSVSFSDLKLKPGGISQK
142877,MALAT1,25,ASEQAAVRGEDRKRVQEPVRFGEGS
303663,MNX1-AS1,76,LGPLPALPWVRSRTAGTGNPRAPGEPRGGPRPAPETRGPLRTWLVPGASCARPLRPPCRRWSGSTSALRSAVVPRS
169544,C6orf99,63,VPPEQAHSCGWGTEGCPCLRSTAIRQTFFPGGDQFQNRWRGMKNEEHCPGSFFLCKIRECVLN
169545,C6orf99,34,ASPVATPCPTGTRICLAGAEPLRRPKMNERGCAS
169546,C6orf99,24,QAHSCGWGTEGCPCLRSTAIRQTF
249876,XIST,46,FHRPSVLFMDEKMLVLWVVALSGISTLFFAADHLVVCECTYRFGRE
281186,LINC01515,26,LLYSPFKPSMSLNCRGRGMDKDPVFS
155586,LINC01515,14,MSQVLDKGVKMDDI
55319,AC100861.1,27,CSSTTAAAWMPLHSESFCHLVPAPGFS
322998,AC100861.1,19,LSLSVTQFLAPSRRSVDGW
349630,AL117329.1,72,VASAESEVGLIQSVEFFKREKLKSLRRKEFCLQTVFELKTVASTPAGISSLLASSADSHLPASTIAAEAEEP
349627,AL117329.1,74,VASAESEVGLIQSVEFFKREKLKSLRRKEFCLQTVFELKTVASTPAGISSLLASSADSHLPASTINHCLSMLRG
349631,AL117329.1,86,VASAESEVGLIQSVEFFKREKLKSLRRKEFCLQTVFELKTVASTPAGISSLLASSADSHLPASTIVQLRRRNPKGSLRSWICPSMH
349634,AL117329.1,65,VASAESEVGLIQSVEFFKREKLKSLRRKEFCLQTVFELKTVASTPAGISSLLASSADSHLPASTI
349633,AL117329.1,66,VASAESEVGLIQSVEFFKREKLKSLRRKEFCLQTVFELKTVASTPAGISSLLASSADSHLPASTIV
349632,AL117329.1,69,VASAESEVGLIQSVEFFKREKLKSLRRKEFCLQTVFELKTVASTPAGISSLLASSADSHLPASTIVVKQ
349629,AL117329.1,70,VASAESEVGLIQSVEFFKREKLKSLRRKEFCLQTVFELKTVASTPAGISSLLASSADSHLPASTIEGSHL
349628,AL117329.1,71,VASAESEVGLIQSVEFFKREKLKSLRRKEFCLQTVFELKTVASTPAGISSLLASSADSHLPASTIQEGSHL
200729,FOXP4-AS1,13,AESEGGGSERASG
260997,ATP6V1B1-AS1,51,LITCVSIRNGPCLIICHLPGGDGGLFQPQGKSCCTEHRPECAPKKSGGGVI
141607,LINC00973,22,LCGRSRWFPRGRSLGNEATEIC
339931,AC006329.1,34,HMANVELKKSLDEIQSILESFNDRLDQAEKKLSK
229274,LINC01234,10,ISLEAEDRPP
315137,AC090204.1,62,DLYLWSFLYCSRDTVFFLCSSNPMAQKHSPLRPRIAGEVASVIQDFFSYLFSVSFSDLKLKP
315135,AC090204.1,65,LWSFLYCSRDTVFFLCSSNPMAQKHSPLRPRIAGEVASVIQDFFSYLFSVSFSDLKLKPGGISQK
373729,LNCTAM34A,48,QFAGLRTGPARSPPAQNERADSPWTHEATAPRGENGGLIPPALGEDDS
306154,EMX2OS,13,QAGRTEGQTDSSS
297907,ZNF528-AS1,10,LAALVFRVLV
297128,CDKN2B-AS1,37,LAPLVESLPFFKLDYLKMKKEERKARSSHCSIRQSGG
180339,AC022075.1,44,MEPRMGLQDDTSTSGTVTESCSAAKAGVHWFNLGSLQTLPPKFK
180340,AC022075.1,46,MEPRMGLQDDTSTSGTVAGNLVVNGTTSLKLPRSKAGLPRKRFVQI
10905,LINC01508,29,KRSRVARAVHCRCMDESSQRHRYGVSNQG
346862,PVT1,51,VDFLAERMLAVPVTCGDTARSALQTIAVCSAGSQLLRGNKSVLRSPAVTVD
346863,PVT1,26,VDFLAERMLAVPVTCGDTARSALQIY
346864,PVT1,37,VDFLAERMLAVPVTCGDTARSALQWEVSDDPEVRTHL
107680,AC022075.1,45,IYRPALPTSQHPAWQRNGTEDGAAGRYQHFRNCGWQPCSKWDHIP
107679,AC022075.1,68,IYRPALPTSQHPAWQRNGTEDGAAGRYQHFRNCDRILLRCQGWSALVQSRLTANSASQVQVILLCQFL
338474,HOXC13-AS,24,APWSSTPDCPSHWREPSAGSLRRG
202927,XIST,71,APGLLGVDMVVSRGKDQNGSQMIVGQQVAEEEFLPSSRGTPTPWLMLGSDFDLYLSFGCQSYSLILWFASV
312335,AC103702.2,67,LLAPLNSPRLSPPSPPVMNPVKGDRPGSPRNIYSCDSHKMEKGLNFCFFKELVFCVCVYTASSHQPN
99322,AC025419.1,12,ITESIESPQQAV
273306,AC103702.2,22,GVVVLWGECMENFKASSWLPRK
328337,AC010615.2,20,VIRPQPQPPSRGELMVLEDS
250227,DUXAP8,22,LKHIPWCICTAVSSSLQLCLNR
234310,AC010615.2,19,IRPQPQPPSRGELMVLEDS
162352,PVT1,43,MHWNDTRPAHFRILKVVLREAVAECLMDSYSLDVHGGRRTAAG
305428,LINC00839,66,LGAACLHSLRMLEAGGSEAATARGRGDFGAASCSDLAFRCASSQNPRSLEPVASSPERRRRQPSRA
8715,AL117327.1,25,KTFKIETNVAGQEEQGPAFRCLGLS
63002,CDKN2B-AS1,15,RKARSSHCSIRQSGG
262311,AC022075.1,94,LIPYISRYISGGSSGLEMTDLLSPLPAILGPRGQERPGIQGVPQLSFTRIYRPALPTSQHPAWQRNGTEDGAAGRYQHFRNCGWQPCSKWDHIP
180552,MIR646HG,14,MELVRKDVLAVFLI
156236,PVT1,25,MSYILEDHSCLQCRKPTIKGKQKCS
151315,AL117327.1,51,MRERKSWDPPRPSECDVLLRVSWGNFLYRRDVGGSDSVTSDKGVDSAAQNQ
368027,PTPRG-AS1,25,LNILRTGIFVSALLMYPQQPELPDI
156239,PVT1,14,VFQREAVSLSLAHS
196682,XIST,17,MADPVLSQCSSGGKATS
224708,PVT1,17,MLAVPVTCGDTARSALH
301308,LNCTAM34A,43,RTGPARSPPAQNERADSPWTHEATAPRGENGGLIPPALGEDDS
355370,AC106791.1,19,VGLKIVVIHYHGLLSLEYL
224711,PVT1,30,MLAVPVTCGDTARSALQWEVSDDPEVRTHL
313570,FOXD3-AS1,34,SRPNSSWFRELSTKGRETRNSAPHCAPASPGHGG
176468,GDNF-AS1,41,MLLPELRSCLEIRTRHHVNRRGESREDMRAPGAQFVTSVIG
208838,LINC00857,22,MVNSYPWAYPFIIFNKPAFSPG
343219,AL117327.1,75,VERRKEPRSKFPRSRFGISCPGGLMRERKSWDPPRPSECDVLLRVSWGNFLYRRDVGGSDSVTSDKGVDSAAQNQ
84437,AC016747.1,12,LKAASANPGWRC
230056,XIST,31,SLPNGAVDTCLLILFYSPIGAADTCFLFFFP
181418,LINC01234,44,MEGCMDLDVWVPFLLPWQKLTHPSVSIQNGISSWAPSPESPASR
204889,HAND2-AS1,39,MGMYNRNQSSPPPGDLHFRSLRLPVTPERQTADWPRWGN
202926,XIST,65,MGSAPGLLGVDMVVSRGKDQNGSQMIVGQQVAEEEFLPSSRGTPTPWLMLGMSKDRPSSGSSLPY
197061,AC020928.1,52,MAAAAAAPDPKPSLRARGFSSGPSGGREDSATPPGLSRRCACSLKESPTRRD
389116,XIST,30,WVVALSGISTLFFAADHLVVCECTYRFGRE
320133,CDKN2B-AS1,82,VKTLTGKTITLEVEPSDTIENVSAKIQDKEGIPPDKQRLIFASKQLEDGRTLSDYNVQKQPTPHLVLHLRGGIIEPSLFQLT
329616,AC011468.2,19,VHLAVFPCPYPFPGDRYGP
283402,LINC01515,18,LEFKRLGRKHASRGLWPC
29158,CDKN2B-AS1,54,KEGIPPDKQRLIFASKQLEDGRTLSDYNVQKQPTPHLVLHLRGGIIEPSLFQLT
236069,XIST,16,YSPIGAADTCFLFFFP
263995,AC010655.4,18,LHDLLLQPAIHSRLFPRS
148652,MALAT1,10,LIQLLKKYSQ
262316,DUXAP8,72,LIPSETASTSPAASGFFMWLQMAGFPKGFWLKHIPWCICTAVSSSLQLCLNRSFTMLSSRFNSMAPNDEISF
262318,DUXAP8,64,LIPSETASTSPAASGFFMWLQMAGFPKGFWLKHIPWCICTAVSSSLQLCLNRFNSMAPNDEISF
390825,AC140479.5,79,LSYLFGFYKRFESWRVLDSLYHGTTGILYMSAAVLQVHATIVSEKLLDPRIYYINSAASFFAFIATLLYILHAFSIYYH
390823,AC140479.5,54,LSYLFGFYKRFESWRVLDSLYHGTTGILYMSAAVLQVHATIVSEKLLDPRIYYI
390822,AC140479.5,47,LSYLFGFYKRFESWRVLDSLYHGTTGILYMSAAVLQVHATIVSEKLL
159078,MIR100HG,17,MMGSKITLLEAAGEKHS
357253,AC104667.2,33,VVTEESPPVPLKNPPSCRVGGAQNGRKIQIPIL
175274,PCAT7,77,MLKQSYVFFVVVFFVFVFLGFRVFLLSCSVPGLEDQEKESQVVCWRLEPRHRGAARLAAVGGGGGHCSAAGGVGRRR
175275,PCAT7,11,GTGMRITSGYK
357252,AC104667.2,14,VVTEESPPGRTSQS
156817,NR2F1-AS1,35,MILLLVTYSPIAYSHPPRFEIAPLGRLRRARSRAE
85501,LINC01234,55,RERKEGREGGRMEGCMDLDVWVPFLLPWQKLTHPSVSIQNGISSWAPSPESPASR
26896,PAX8-AS1,78,KDGVLLLLPKLECNGAIFAYCNLCFLGSSDSPASASRVAGITDGASLCHPGWSAVAQSRVTATSAPQLQAILLSQPPE
48294,AC103702.2,43,LLVGWWSSGASVWRTSRPPPGCPGSSVFFCKLGEGFKDAGAAL
102133,AC011468.2,56,IPATAPSPQTGSCSVRLEYSAMISAHCSLNLLGSSSLSASECWDYRREPPRQAYEI
11301,GNAS-AS1,72,KRCCWGGWKPVGGGCMAARPGRPRGPLAPWGHSSSCHRLPSLGGEVGSQGPTLGCVDGGRLTQPTGCHCRAR
158113,AC011468.2,35,MISAHCSLNLLGSSSLSASECWDYRREPPRQAYEI
93959,XIST,12,RSGRGSHVHCMS
262573,AC006329.1,78,ELWKLILTKIRGIQETSEKESKEMSTAILDMVEVFTNQIQSFPEHMANVELKKSLDEIQSILESFNDRLDQAEKKLSK
253484,AC025419.1,65,LNMDMVSESRAAIWRYEEILEIEAMCVETRPNNSKFLKTSFHQPRTSLIITAFAWMIVCPLLGPF
253485,AC025419.1,98,LNMDMVSESRAAIWRYEEILEIEAMCVETRPNNSKFLKTSFHQPRTSLIITVVEPFYIFTSNEGGFLLLYHLVLSAFWILAVLIAFAWMIVCPLLGPF
371955,AC025419.1,15,LIIITESIESPQQAV
191233,FAM222A-AS1,19,MASSEVGTCLSFPAPEMGL
378454,AL133353.1,15,NSRLVAFSTAAPGTE
283760,PAX8-AS1,100,LDTSGVSCFMAKDTYTHRNELFKEDGPDSTVQKKKRFALLLKESGYECRGLPVGSHIRSSTSTLNAERTSVYQHSKYSKCQAGFPPITRTSRLLLLSRTF
283761,PAX8-AS1,89,LDTSGVSCFMAKDGVLLLLPKLECNGAIFAYCNLCFLGSSDSPASASRVAGITDGASLCHPGWSAVAQSRVTATSAPQLQAILLSQPPE
274336,AC006329.1,51,HPGSLRGEIGSAGTACSSRARGKGRSPPLQSKFTNLEEAIYTGCADLNGRT
204896,HAND2-AS1,38,MGMYNRNQSSPPPGDLHFRSLRLPVTPERQTADWPSAC
204892,HAND2-AS1,55,MGMYNRNQSSPPPGDLHFRSLRLPVTPERQTADWPSCLFLFDFLYKVTLNLLQKE
204887,HAND2-AS1,81,MGMYNRNQSSPPPGDLHFRSLRLPVTPERQTADWPRKNKAPSPLDGLLQACGCPWPTFNSLEMALLCKSAAGCVRSPRRPA
204895,HAND2-AS1,83,MGMYNRNQSSPPPGDLHFRSLRLPVTPERQTADWPRFLTVTELYAIIKCVIRVWKPVSCPYQLPFLSTFPLSSTSVSLFFSAC
204893,HAND2-AS1,26,LGDFEVRAPRFPESVVWLVSVFPWFN
206717,LINC01480,18,TWVAATSLPFLRGKNSRR
105495,LINC01480,82,IAEPGLRPTGDSRQTHRRLDVERSTSVQEHMGGCHFSPFPEREKLSTLRGIHQQAPALWQATDQWIDIEFGWGSQRRAWAAE
98356,LINC00158,34,IKGNPEQNTCTNSCHTLRDKVPHIYLEIFGMLND
98357,LINC00158,37,IKGNPEQNTCTNSCHTLRDKVPHIYLEIFGMLNGQLL
98358,LINC00158,49,IKGNPEQNTCTNSCHTLRDKVPHIYLEIFGMLNGEKQGEKNLNPAEEKV
34242,MIR7-3HG,59,KGQRRRSLTVWKAETSRADCLGAPLGRSEKRTAICFSTGAQDSSQRAPFRLQNPGQLLQ
34240,MIR7-3HG,65,KGQRRRSLTVWKAETSRADCLGAPNIRTAPLGRSEKRTAICFSTGAQDSSQRAPFRLQNPGQLLQ
335598,SLC16A1-AS1,73,VRSSGKRLRSGEWAAFEWMRVPLAPGKTLGAGAVEPGMGWDVFGFQSGPDTSSVTSGSSPTLRACFLPLKWRQ
34238,MIR7-3HG,18,KGTETAKFDGLESRDQQG
34237,MIR7-3HG,79,KGQRRRSLTVWKAETSRADCLGAPNIRTAPLGRSEKRTAICFSTGAQDSSQRAPFRLQNPGQLLQRRGFTMLARLVSNS
34239,MIR7-3HG,84,KGQRRRSLTVWKAETSRADCLGAPNIRTAPLGRSEKRTAICFSTGAQDSSQRAPFRLQNPGQLLQVTGEPFDPDFAGGGRERVV
123738,PTPRG-AS1,45,ILRTGIFVSALLMYPQQPELPDMSVIAALLIILPTADPFCETPGC
85986,AL592435.1,41,REEVQRLHFKFWMTDLSGLSGPLSDKMGVFQRDHGSLQLGL
248646,CDKN2B-AS1,40,ILFLAPLVESLPFFKLDYLKMKKEERKARSSHCSIRQSGG
20290,SLC16A1-AS1,68,KRLRSGEWAAFEWMRVPLAPGKTLGAGAVEPGMGWDVFGFQSGPDTSSVTSGSSPTLRACFLPLKWRQ
89923,LINC01116,25,SCSEGNGESAGNDPNCQPAPLQPAL
272496,LINC00857,47,LPGTEEQRIRGTTRDSQSGLLPWWGRLLRRRRWRDWGRGCEAPKKSV
254319,CDKN2B-AS1,66,LTRPYQEQPRSRGFWCCSRPRSPIPLILFLAPLVESLPFFKLDYLKMKKEERKARSSHCSIRQSGG
123736,PTPRG-AS1,23,ILRTGIFVSALLMYPQQPELPDI
249760,PTPRG-AS1,40,IFVSALLMYPQQPELPDMSVIAALLIILPTADPFCETPGC
253564,EMX2OS,22,PPSPPPLPPVSSSPPPPLLPPP
273397,MAGI2-AS3,27,LRASWRGILPFASKRGEDRGKRMQGGC
51882,AC007405.3,59,AAPAPAPAPATSPAVAQFPQPPPSAAARASSTRRAVSTATLRSRLGAPSSARAASRAGS
51881,AC007405.3,54,GCPCPRPRPRHLPRRRPIPPAPTLGCCPSFLHAPCSLHGDAAFPTRSPQLRASS
133986,DUXAP8,15,ICTAVSSSLQLCLNR
204512,LINC01116,22,MGNRQEMTRTASLRLCSRPSLC
56766,AC006329.1,17,TSPLTGTEGAGRFSHLQ
129892,XIST,29,IVGQQVAEEEFLPSSRGTPTPWLMLGCHL
287828,HOXA11-AS,30,LELRTRETMQLRQALGCFRGADIRGDFSWD
100055,LINC02253,35,IRYDQGTKELKKLFILMFPWRAHLLLCLPQLCLPP
300501,EPCAM-DT,46,LGFPRPQIPESNFLDFSVFKVGGLAMLPRLDSNSWAQVIPPPQPPE
129894,XIST,49,IVGQQVAEEEFLPSSRGTPTPWLMLGSDFDLYLSFGCQSYSLILWFASV
370091,MIR7-3HG,52,LTVWKAETSRADCLGAPLGRSEKRTAICFSTGAQDSSQRAPFRLQNPGQLLQ
173048,SLC16A1-AS1,55,MRVPLAPGKTLGAGAVEPGMGWDVFGFQSGPDTSSVTSGSSPTLRACFLPLKWRQ
370089,MIR7-3HG,11,FDGLESRDQQG
370087,MIR7-3HG,11,FDGLESRDQQG
287827,HOXA11-AS,69,LELRTRETMQLRQALGCFRGADIRGDFSWEVQQPSLAHRALGKTRLRLKPPRKAKSEFHFLKRPARVRL
370085,MIR7-3HG,72,LTVWKAETSRADCLGAPNIRTAPLGRSEKRTAICFSTGAQDSSQRAPFRLQNPGQLLQRRGFTMLARLVSNS
370086,MIR7-3HG,77,LTVWKAETSRADCLGAPNIRTAPLGRSEKRTAICFSTGAQDSSQRAPFRLQNPGQLLQIQFSPLESGLDLANTMWQK
370088,MIR7-3HG,77,LTVWKAETSRADCLGAPNIRTAPLGRSEKRTAICFSTGAQDSSQRAPFRLQNPGQLLQVTGEPFDPDFAGGGRERVV
56003,HHIP-AS1,96,TAADGGGGPRAFGTSLEGAEPRAPASPRPPGGGVHGPGSRRAWGRDAVRRFRDCPAAAARRLLSPPRFPSALPGLKAAKLRLRKKRENCNPCLQPD
370090,MIR7-3HG,11,FDGLESRDQQG
375868,AC022075.1,70,LPAILGPRGQERPGIQGVPQLSFTRIYRPALPTSQHPAWQRNGTEDGAAGRYQHFRNCGWQPCSKWDHIP
375867,AC022075.1,93,LPAILGPRGQERPGIQGVPQLSFTRIYRPALPTSQHPAWQRNGTEDGAAGRYQHFRNCDRILLRCQGWSALVQSRLTANSASQVQVILLCQFL
249758,PTPRG-AS1,18,IFVSALLMYPQQPELPDI
71244,FIRRE,35,RRTLKRNGISPPNQEGLALLLGELTTHKQMRTKTE
298384,AC106791.1,21,LAVGLKIVVIHYHGLLSLEYL
129893,XIST,40,IVGQQVAEEEFLPSSRGTPTPWLMLGMSKDRPSSGSSLPY
55204,CDKN2B-AS1,50,TALPGTAALPRILIWKTSEIKLNRCTPLTRHLDTARRWRCRSCRPGLAPD
69068,LINC00839,93,RRRQPSRAFACTLPGCWRLEAVTQQQREATLERPHIATSPSAARPPRAQEARNLWHPSLKGEDGNPAEALLGWGLHDRAGLIKWRPTRGSNPG
34241,MIR7-3HG,19,QKGTETAKFDGLESRDQQG
88417,MAGI2-AS3,82,RASSPVRTFLQPLCDRAARQAPVRGGRADSLRPGLRWSRNSGTWTCGAPGATSRALRASWRGILPFASKRGEDRGKRMQGGC
11405,MALAT1,12,RKPQISFFLFER
346860,PVT1,70,VDFLAERMLAVPVTCGDTARSALQALQKFHAAFSFLCRSASCWTIAVCSAGSQLLRGNKSVLRSPAVTVD
346861,PVT1,24,VDFLAERMLAVPVTCGDTARSALH
346859,PVT1,54,VDFLAERMLAVPVTCGDTARSALQILLHLGFRHFQSEKIHILSALWTDLRTVLT
265394,FAM222A-AS1,35,LQPRELSRAKLGVAVWMASSEVGTCLSFPAPEMGL
99293,MIR100HG,12,ITLLEAAGEKHS
325513,UNC5B-AS1,25,TCLIHILTPHTLLNTYSHTHKPAFL
240199,KCNMB2-AS1,33,IAQAEVQWLLTAVIIMHCSFEFLGLSDLPTLAS
315136,AC090204.1,78,LWSFLYCSRDTVFFLCSSNPMAQKHSPLRPRIAGEVASVIQDFFSYLFSVSFSDLKLKPGTISAHLIFAAYKGGISQK
48296,AC103702.2,59,GTRPFTRRGTQSCERILFSADSTPGRRLEVGLCLGLTRRETTELLPQPPAARNWKKKKK
224709,PVT1,44,MLAVPVTCGDTARSALQTIAVCSAGSQLLRGNKSVLRSPAVTVD
255710,AC090204.1,85,LTSTDLYLWSFLYCSRDTVFFLCSSNPMAQKHSPLRPRIAGEVASVIQDFFSYLFSVSFSDLKLKPGTISAHLIFAAYKGGISQK
359938,PVT1,28,VVLREAVAECLMDSYSLDVHGGRRTAAG
298812,ATP6V1B1-AS1,67,LGNAWNTRPGSFSSPTLITCVSIRNGPCLIICHLPGGDGGLFQPQGKSCCTEHRPECAPKKSGGGVI
115655,AC156455.1,15,ISLRMKPSQERAERR
61111,FOXP4-AS1,11,SEGGGSERASG
251806,AC006329.1,32,ANVELKKSLDEIQSILESFNDRLDQAEKKLSK
40766,LNCAROD,29,KSEDGALRHSIVNWKMRKSQQRRLRRGSQ
330192,UNC5B-AS1,21,HILTPHTLLNTYSHTHKPAFL
304526,MIR222HG,45,LGVCGAGVVCPVIQPHVIDDQVTAFLESAHQWKTLKVVVTDLIKL
391695,XIST,28,VALSGISTLFFAADHLVVCECTYRFGRE
41114,AC090204.1,41,KCNSHHVISRAHTNKQHDLLLNIELDHLAEVVFARFLCKGE
41115,AC090204.1,49,KCNSHHVISRAHTNKQHDLLLNIELDHLAEVNKLTLEHSGTSSWSWSPS
288857,LINC00839,80,LEAAPPWAGGEGRELGAACLHSLRMLEAGGSEAATARGRGDFGAASCSDLAFRCASSQNPRSLEPVASSPERRRRQPSRA
211521,VPS9D1-AS1,26,MVGFRRVFPASHGPLGSGRFTETRTC
259740,LINC00958,82,LRPPQPCGTGLALSPRLECSDTMLAQPPGLKRSFHLGLLSSWDHRTFHWPLSERQLIQHLEKTGNRAEFPCTAEEGRGKEWT
203249,PVT1,84,MGPRAGRARGGRDEEGRRRAASKDVPRDPRHLPVDFLAERMLAVPVTCGDTARSALQTIAVCSAGSQLLRGNKSVLRSPAVTVD
203250,PVT1,59,MGPRAGRARGGRDEEGRRRAASKDVPRDPRHLPVDFLAERMLAVPVTCGDTARSALQIY
212252,HOXB-AS3,38,MYQLDFSTCPLDCPKAKSQRGQGPSRAGSLRASYRAAP
233735,DUXAP8,71,IPSETASTSPAASGFFMWLQMAGFPKGFWLKHIPWCICTAVSSSLQLCLNRSFTMLSSRFNSMAPNDEISF
233737,DUXAP8,63,IPSETASTSPAASGFFMWLQMAGFPKGFWLKHIPWCICTAVSSSLQLCLNRFNSMAPNDEISF
204894,HAND2-AS1,62,MGMYNRNQSSPPPGDLHFRSLRLPVTPERQTADWPRSSLNVTSSREPFQILLLLSPPTPSHK
307683,AC010655.4,29,LVLSNRLSSGLLHDLLLQPAIHSRLFPRS
377812,SNHG25,14,HDRLFCTWGQFLTF
118269,AL117327.1,42,EPSWGVERRKEPRSKFPRSRFGISCPGGLMRERKSWDPPRPM
306429,ELFN1-AS1,39,MLELLLPLQEQELCVLVTAVASQGRRGAQQPGLDRLGPR
11931,MIR100HG,13,KITLLEAAGEKHS
160645,AC007611.1,91,APGSGRLGSVAPPAVLAAPAQSARPSQLFPPEREVDAGATRSTQSFWEPVARPNWDANQMDVGDWQKTPPTNGRDFGGNRKKVGNQVTAEA
160646,AC007611.1,29,WEPVARPNWDANQMDVGDWQKTPPTNGRD
160644,AC007611.1,43,MQTKWTWVTGRKRLPQMGGISEGTERKLTLRDHSLHHLIEALP
190654,LINC01234,40,MDLDVWVPFLLPWQKLTHPSVSIQNGISSWAPSPESPASR
322577,FEZF1-AS1,42,VTSSKIIVQGLNKETESNSGANARLYLSNAKLQKASARKPRQ
327431,C6orf99,20,CLTCTRKVVSSGSKYVTVSF
176210,AC083973.1,25,MLRVLRLSRDPRPGDSPGAGVACGL
61393,LINC00511,39,TCVPGKAPLSLQRSSESHGRSQQSSKCRLGKSRGLCGGD
61394,LINC00511,41,TCVPGKAPLSLQRSSESHGRSQQSSKCRLGKSRGLCGGATS
144984,AL355512.1,21,MNCKPGCEAGGEIPGRGNCLG
252050,MNX1-AS1,58,LKTVVFPKPSLLSGLQGAAGEGFVPVAKALQVEPYLLWEGPAFSDSRRALCRLLAEKR
374864,XIST,27,GAVDTCLLILFYSPIGAADTCFLFFFP
281363,LINC01515,34,LLFGAQQGSSRNRPHSRHMELTTPLTKKAHLSCS
205842,AL592435.1,15,MGVFQRDHGSLQLGL
156233,PVT1,44,MSYILESFTEIPCCLQLPLPLCIMLDHSCLQCRKPTIKGKQKCS
204897,HAND2-AS1,62,MGMYNRNQSSPPPGDLHFRSLRLPVTPERQTADWPSAFQTVFYWMKKLNQENICRFLYMGQY
369422,UCA1,15,SPIKLPLSYLPSLTL
208562,AC079160.1,50,MVWSQEMKRASNVFGILTTVTCSLGLLQWQLNGEVRNTNSRIRQSLNPCH
238722,DUXAP8,65,IDQSHLRVTLYPSLIPSETASTSPAASGFFMWLQMAGFPKGFWLKHIPWCICTAVSSSLQLCLNR
321196,AC090204.1,42,VKCNSHHVISRAHTNKQHDLLLNIELDHLAEVVFARFLCKGE
141015,AC079160.1,44,MKRASNVFGILTTVTCSLGLLQWQLNGEVRNTNSRIRQSLNPCH
210421,XIST,63,MVVSRGKDQNGSQMIVGQQVAEEEFLPSSRGTPTPWLMLGSDFDLYLSFGCQSYSLILWFASV
210420,XIST,54,MVVSRGKDQNGSQMIVGQQVAEEEFLPSSRGTPTPWLMLGMSKDRPSSGSSLPY
206002,LINC01508,29,TSQRPPGAYDQAKETPGKRSRVARAVHCR
169762,EMX2OS,60,MPQLKIPAPVNATSLLDCLLPDSSRYELGRMKAGHARVPALHSWIAEERCGGEAGDCVEV
26446,XIST,57,KDQNGSQMIVGQQVAEEEFLPSSRGTPTPWLMLGSDFDLYLSFGCQSYSLILWFASV
230312,AC006329.1,70,KIRGIQETSEKESKEMSTAILDMVEVFTNQIQSFPEHMANVELKKSLDEIQSILESFNDRLDQAEKKLSK
117876,FEZF1-AS1,37,IIVQGLNKETESNSGANARLYLSNAKLQKASARKPRQ
124341,AC021092.1,76,ILLLEPVCTTPQSIWITLLRMLKEKRSKSHSSGGSVATPRCPLGTNPKATSACLVGNVNCYPESRPSLSLVQDRKY
252765,AC021092.1,55,LKEKRSKSHSSGGSVATPRCPLGTNPKATSACLVGNVNCYPESRPSLSLVQDRKY
127764,AC106791.1,54,RSHSLSRASLSRIPLTFIALLVSTSTSVKEMESRYISQSGLKLLILRDPQLNLS
202408,LINC02323,76,MGLHRSQPKRSTCAQVPAPSLSGTCLLAPHSCDELFFQLVKGRRLRTSGPLSRTFPQRSVPFLVASYIFRSRLSSA
303653,LINC01515,23,LGPHSRHMELTTPLTKKAHLSCS
120593,EMX2OS,55,IPAPVNATSLLDCLLPDSSRYELGRMKAGHARVPALHSWIAEERCGGEAGDCVEV
26445,XIST,48,KDQNGSQMIVGQQVAEEEFLPSSRGTPTPWLMLGMSKDRPSSGSSLPY
233728,ZNF528-AS1,23,IPSIKMNFKSHLPWKQKEREERE
16906,AC022400.3,31,KHHIPVVDRTPLEPPPIVVVVMGPPKLERAL
363453,LINC02542,28,VCRFLSQSEKHSIRVGVTRFSRIQSKNK
59741,MIR646HG,27,TSKVKLRPLVQCSMELVRKDVLAVFLI
46886,SLC16A1-AS1,43,TSSRQSALVRDTTIGLTPQFLPEKKEKSPRGLTLTGGGDARAE
320663,AC021504.1,38,VKLNEYLDRSQTKGRRIQGKMKQLQACLLPYIRGRARK
320664,AC021504.1,39,VKLNEYLDRSQTKGRRIQGKMKQLQACLLPYIRGRARNC
320662,AC021504.1,54,VKLNEYLDRSQTKGRRIQGKMKQLQACLLPYIRGRARKPPGSSIPVFLSTFQVK
49378,LINC01515,12,TPLTKKAHLSCS
169764,EMX2OS,25,PCRVPGRRRLRCGPLNPEPASPKLV
10612,AL117327.1,47,KSWDPPRPSECDVLLRVSWGNFLYRRDVGGSDSVTSDKGVDSAAQNQ
222499,MIR7-3HG,26,MLVFSLLCPQRLVRGPAHSRHIISMC
341414,MSC-AS1,59,VDIPLSPLPTRVLFPPPWPVSLSPPSAPWRRRRPESAPRKTKNPGREARGEKARWVARA
115582,FIRRE,27,ISPPNQEGLALLLGELTTHKQMRTKTE
177547,LINC01615,37,QKGAWELHGLGRGLPRAVPQPQHQPLRAENNKVYWSM
374704,FAM201A,42,LPGWERQPSWELPGSCRQQDSGLGSQGPPGPGAGNHICPQPQ
108288,AC022075.1,90,ISRYISGGSSGLEMTDLLSPLPAILGPRGQERPGIQGVPQLSFTRIYRPALPTSQHPAWQRNGTEDGAAGRYQHFRNCGWQPCSKWDHIP
138998,FIRRE,46,MNPHFKSSCLLEVALPVTSLHFSIHGCYSRKSSFLKHISRHMMRLM
120594,EMX2OS,20,GRRRLRCGPLNPEPASPKLV
129339,AC106791.1,16,VWCGGPTSGNNLAVGL
204134,SLC16A1-AS1,36,MGWDVFGFQSGPDTSSVTSGSSPTLRACFLPLKWRQ
357457,FIRRE,38,VVAESLQRTRQYQVAYKRMPCACWRSQVQPNCLQLGGP
315472,AP001107.9,12,LCPKRSALRLTW
347942,AC090204.1,30,VASVIQDFFSYLFSVSFSDLKLKPGGISQK
287825,HOXA11-AS,17,LELRTRETMQLRQALGC
222498,MIR7-3HG,19,MLVFSLLCPQRLVRGPAHS
157538,XIST,53,MIQDQNKALDCSKTQNSSRAEGGRLIWIEGPKYKTDGLRLETRGLRWKAHVPR
157539,AC011632.1,23,MIQEHIHPSQSPSPPSRVLYSSN
292454,AC106786.1,65,CKRENWEARGGRESADGPGRPTQPPWAAALGRCRVLAPWFHALAASRLDTWVLRQHKIDFLNLGN
330850,AL161772.1,29,VQCTHQCPQHLLPRKRFQIRAEMGRRGGS
348017,FIRRE,34,VALPVTSLHFSIHGCYSRKSSFLKHISRHMMRLM
262336,LINC01572,71,LILKLTRMAKKQEELKLQSSTEKLSATKVKTEALGYGRSWAPEVHVEICQLNIGLPRQGSPTPGPWINTSL
206406,LINC01116,25,ASKNGSHSAITQAGVWWHHHGSLQP
241784,HOXC13-AS,29,GRTATAPWSSTPDCPSHWREPSAGSLRRG
382374,LINC00511,37,LDGKWGIGWGAADPLTWITWCVSAGLRRPTTSSPSVD
384075,LINC00511,39,LALDGKWGIGWGAADPLTWITWCVSAGLRRPTTSSPSVD
188763,AC025419.1,63,MDMVSESRAAIWRYEEILEIEAMCVETRPNNSKFLKTSFHQPRTSLIITAFAWMIVCPLLGPF
188764,AC025419.1,96,MDMVSESRAAIWRYEEILEIEAMCVETRPNNSKFLKTSFHQPRTSLIITVVEPFYIFTSNEGGFLLLYHLVLSAFWILAVLIAFAWMIVCPLLGPF
250230,DUXAP8,42,LKHIPWCICTAVSSSLQLCLNRSFTMLSSRFNSMAPNDEISF
250232,DUXAP8,34,LKHIPWCICTAVSSSLQLCLNRFNSMAPNDEISF
259739,GAS6-AS1,39,LRPPQPCAIAQAQAEEERQEPPCPETSTCGYCIPTGVTA
176970,LINC00839,56,MLEAGGSEAATARGRGDFGAASCSDLAFRCASSQNPRSLEPVASSPERRRRQPSRA
244158,LINC01234,84,IVSLWVLARITPSEVTPEGGLEGESNERERERKEGREGGRMEGCMDLDVWVPFLLPWQKLTHPSVSIQNGISSWAPSPESPASR
181361,MRPS30-DT,22,MEGRTCVLRPDAGRRCCHLGYL
7953,LINC00511,40,KTCVPGKAPLSLQRSSESHGRSQQSSKCRLGKSRGLCGGD
7956,LINC00511,42,KTCVPGKAPLSLQRSSESHGRSQQSSKCRLGKSRGLCGGATS
7955,LINC00511,44,KTCVPGKAPLSLQRSSESHGRSQQSSKCRLGKSRGLCGGETATG
155931,SCAT1,83,MSDEEWLQIQMKLRLLTSCCVAQTGHCLWPQGLRTPGFNNRKTPVTGLGSTLTQYGLSLMKDICRDPISTKSHILRLLVGVSF
168281,AC009065.2,91,MPVPRDGQEGPAVQLLLDGALQTEPVTTEAVPLHRATMLICPVPELLEKRYRGSEDTLRGRTRPTARRRVPGSQDALPYLRPRQPITERTA
388514,MIR210HG,98,GGPPLGTSYGKRVTDLVLLCVSAASVGPLRETAGGSSSSLSAEPAFSSLLLKSGPGRVRAYRPCLRSPGLQELRAAPARWRGRGRFSGRLAWTRTGLW
150601,TSPEAR-AS2,38,MRTNPIWQEATDMWEPCMAVASVLVLRGLCGHHSPSEH
151318,MAP3K2-DT,32,TDPLTEVSKSQEQGCAPQKHRGQWKISLLLFV
274536,AC015712.6,80,LRSPDEETWSPGARWSLALSPRLECGGAISAHCKLRLPGSRHSPASASRVAGTTESCSVAQAGVQWRDLGSLQPLPPRFK
7954,LINC00511,72,KTCVPGKAPLSLQRSSESHGRSQQSSKCRLGKSRGLCGGWEGLIHIPTRKFSRTPACHLDPLEGPGSGWTTS
321016,AC103702.2,56,PPSPPVMNPVKGDRPGSPRNIYSCDSHKMEKGLNFCFFKELVFCVCVYTASSHQPN
296633,GATA2-AS1,43,LASVCLSEASAQVKRGAGGRRAPLGWEPARLVPLGDPPARAAC
307557,MINCR,10,PGKSTSFRGC
307556,MINCR,39,LVRGFPTSQKSFIGPPLETSDRSHRRLASGICPHPRGQP
307558,MINCR,24,LVPWSRVFRTLLLRPGKSTSFRGC
100670,GATA2-AS1,52,NFLIIRGGRKALGPLGSGGARLGPAPRARPRHPLPGQFRAAPRGRGLRLRPP
259455,MALAT1,12,NQCLMKLGLRSK
133256,XIST,96,LKIFFFWPIGASDTCFFFFYFSLPIGASDTCFNFCFSGPSGPRIPALIFFFHRPSVLFMDEKMLVLWVVALSGISTLFFAADHLVVCECTYRFGRE
276844,AC016747.1,34,RPIGFPNGKSAAHAHKPALLGDLKAASANPGWRC
141010,AC016747.1,14,GDLKAASANPGWRC
73101,LINC01980,14,RMPTGSKERNSIEL
78705,LINC01515,22,RPHSRHMELTTPLTKKAHLSCS
57175,CDKN2B-AS1,78,TGKTITLEVEPSDTIENVSAKIQDKEGIPPDKQRLIFASKQLEDGRTLSDYNVQKQPTPHLVLHLRGGIIEPSLFQLT
321197,AC090204.1,50,VKCNSHHVISRAHTNKQHDLLLNIELDHLAEVNKLTLEHSGTSSWSWSPS
275030,XIST,37,PGFIIFSLPNGAVDTCLLILFYSPIGAADTCFLFFFP
51192,LINC00511,19,TRSPPLAFVVLRFSARTLC
249812,XIST,30,LPNGAVDTCLLILFYSPIGAADTCFLFFFP
123737,PTPRG-AS1,43,ILRTGIFVSALLMYPQQPELPDMPSSGDDFTFDRSCPSKANMQ
345489,XIST,22,CLLILFYSPIGAADTCFLFFFP
98554,AC016747.1,19,ATRGLPVALKQKITALHQQ
249759,PTPRG-AS1,38,IFVSALLMYPQQPELPDMPSSGDDFTFDRSCPSKANMQ
60471,AC011468.2,77,TCTWQSSLVHTRFLGIATDLKIPATAPSPQTGSCSVRLEYSAMISAHCSLNLLGSSSLSASECWDYRREPPRQAYEI
264239,LINC00839,61,LHSLRMLEAGGSEAATARGRGDFGAASCSDLAFRCASSQNPRSLEPVASSPERRRRQPSRA
95575,GNAS-AS1,71,RCCWGGWKPVGGGCMAARPGRPRGPLAPWGHSSSCHRLPSLGGEVGSQGPTLGCVDGGRLTQPTGCHCRAR
380417,AC016747.1,13,VALKQKITALHQQ
133991,DUXAP8,27,ICTAVSSSLQLCLNRFNSMAPNDEISF
131658,AC011468.2,34,ISAHCSLNLLGSSSLSASECWDYRREPPRQAYEI
268557,HOXA10-AS,39,LPSRLARPSPAPRQPAPASATECPRRPQMRQGRGSHRPQ
201412,MAP3K2-DT,27,EVSKSQEQGCAPQKHRGQWKISLLLFV
343220,AL117327.1,30,VGAPRWGLNLPGVWRDERSPDPSSLVPALA
105496,LINC01480,46,TFLTHWPEPMLVELTYAPPQVTSKGLTHHKGVRADLGLRPTGHSDS
224707,PVT1,63,MLAVPVTCGDTARSALQALQKFHAAFSFLCRSASCWTIAVCSAGSQLLRGNKSVLRSPAVTVD
203248,PVT1,57,MGPRAGRARGGRDEEGRRRAASKDVPRDPRHLPVDFLAERMLAVPVTCGDTARSALH
203247,PVT1,87,MGPRAGRARGGRDEEGRRRAASKDVPRDPRHLPVDFLAERMLAVPVTCGDTARSALQILLHLGFRHFQSEKIHILSALWTDLRTVLT
139091,AC103702.2,59,RLSPPSPPVMNPVKGDRPGSPRNIYSCDSHKMEKGLNFCFFKELVFCVCVYTASSHQPN
377631,AC090204.1,76,LLTSTDLYLWSFLYCSRDTVFFLCSSNPMGNITEVKCNSHHVISRAHTNKQHDLLLNIELDHLAEVVFARFLCKGE
204891,HAND2-AS1,75,MGMYNRNQSSPPPGDLHFRSLRLPVTPERQTADWPSCLKTQPDSDACQPASPTRAAALPTRMGGTTPPRCPRAER
204890,HAND2-AS1,60,MGMYNRNQSSPPPGDLHFRSLRLPVTPERQTADWPSCLKTQPDSDACQPASPTRAAALPT
204888,HAND2-AS1,41,MGMYNRNQSSPPPGDLHFRSLRLPVTPERQTADWPRWIKLE
281269,SNHG25,13,DRLFCTWGQFLTF
391301,AC006329.1,81,SYRELWKLILTKIRGIQETSEKESKEMSTAILDMVEVFTNQIQSFPEHMANVELKKSLDEIQSILESFNDRLDQAEKKLSK
344492,FAM222A-AS1,40,VEESRLQPRELSRAKLGVAVWMASSEVGTCLSFPAPEMGL
78770,GAS6-AS1,38,RPPQPCAIAQAQAEEERQEPPCPETSTCGYCIPTGVTA
30743,AC009065.2,18,KAKLKPRRQTSAPDARTA
247500,AC025419.1,76,IWRYEEILEIEAMCVETRPNNSKFLKTSFHQPRTSLIITVVEPFYIFTSNEGGFLLLYHLVLSAFWILAVLIEKSE
247501,AC025419.1,86,IWRYEEILEIEAMCVETRPNNSKFLKTSFHQPRTSLIITVVEPFYIFTSNEGGFLLLYHLVLSAFWILAVLIAFAWMIVCPLLGPF
247502,AC025419.1,92,IWRYEEILEIEAMCVETRPNNSKFLKTSFHQPRTSLIITVFKWFPATFLPPTLLTQRCINRSPMWSNHFTFSPAMKEGSCCSTIWYCQRFGY
247499,AC025419.1,53,IWRYEEILEIEAMCVETRPNNSKFLKTSFHQPRTSLIITAFAWMIVCPLLGPF
82500,PVT1,63,RLRSSLRLLHLETQDEDPAWGCQRFFACLTPMTPPGPYGSTQKQFSPTGGQLQPITISSLPQP
322848,LINC01426,86,VTRPINYLTEVLNFENESSGGEFCPFQPGELCQGSPERLFQLIKLARGPSLRESLTLSPRLECSGMISAHCNLRLLGSSDSPATAP
82501,PVT1,90,RLRSSLRLLHLETQDEDPAWGCQRFFACLTPMTPPGPYGSTQKQFSPTGGQLQPITISSLPQPLSSKHLLPVHPHPFPQTAFEKSLTYEL
228808,LINC00511,20,ITWCVSAGLRRPTTSSPSVD
366765,PCAT7,55,VFLLSCSVPGLEDQEKESQVVCWRLEPRHRGAARLAAVGGGGGHCSAAGGVGRRR
366766,PCAT7,68,VFLLSCSVPGLEDQEKESQVVCWRLEPRHRGAARLAAVGGGGGHCSAAGGVRYSCTSSGDPRMRGTRW
288918,LINC01234,64,LEGESNERERERKEGREGGRMEGCMDLDVWVPFLLPWQKLTHPSVSIQNGISSWAPSPESPASR
384448,PVT1,18,LAVPVTCGDTARSALQIY
25451,LINC01234,52,KEGREGGRMEGCMDLDVWVPFLLPWQKLTHPSVSIQNGISSWAPSPESPASR
82497,PVT1,24,RLRSSLRLLHLETQDEDPAWGCQR
182306,AC113189.4,27,MDKLWPWVVDGPGVELGRVKDGPVIGP
260428,SATB2-AS1,29,LSPPIVPGTRLPSTRPRRIYLVGGMRTGL
260429,SATB2-AS1,32,DCTAAPEGQTKFGFGKRSREQFCKSLLGAETA
359254,MNX1-AS1,55,VVFPKPSLLSGLQGAAGEGFVPVAKALQVEPYLLWEGPAFSDSRRALCRLLAEKR
82499,PVT1,46,RLRSSLRLLHLETQDEDPAWGCQRFITPFYRQLILRDEVTHQGSPS
332828,PCAT7,48,VPGLEDQEKESQVVCWRLEPRHRGAARLAAVGGGGGHCSAAGGVGRRR
82498,PVT1,51,RLRSSLRLLHLETQDEDPAWGCQRCDLPAETSRGRAQAPLPCSWLRPVLSI
82496,PVT1,70,RLRSSLRLLHLETQDEDPAWGCQRGLKRQNTPEEPGATTQHHCGKTAAGNVLSPACSTSVHAFPPSGSLA
314546,AF196972.1,61,GRPARGDVGAQDVHARTFPACGGFSPRPSASGGFLAIQEQTSESPNFQALELSNPLKLSQQ
122542,MAP3K2-DT,19,PRHPSRSREKTTFPLEQLK
357772,DUXAP8,14,VVRASFGEAVVGSM
211522,VPS9D1-AS1,13,MVGFRRVFPASHG
