profile_id,imm_min,proc_min,el_max_pct,el_lte,ic50_max_nm,filter_label,sig_n_rows,sig_n_unique_peptides,coding_n_rows,coding_n_unique_peptides,ratio_sig_over_coding_unique,ic50_source
imm0p05_proc1p25_ellt1_ic50lt150,0.05,1.25,1.0,False,150.0,"imm>0.05, proc>1.25, EL<1%, IC50<150nM",1092,331,40011,10987,0.0301265131519068,iedb_netmhcpan_ba_ic50
imm0p05_proc1p25_ellt1_ic50lt500,0.05,1.25,1.0,False,500.0,"imm>0.05, proc>1.25, EL<1%, IC50<500nM",1983,482,63415,13665,0.03527259421880717,iedb_netmhcpan_ba_ic50
imm0p05_proc1p25_ellt1_ic50lt1000,0.05,1.25,1.0,False,1000.0,"imm>0.05, proc>1.25, EL<1%, IC50<1000nM",2888,579,80271,15163,0.038185055727758356,iedb_netmhcpan_ba_ic50
imm0p05_proc1p25_ellt2_ic50lt150,0.05,1.25,2.0,False,150.0,"imm>0.05, proc>1.25, EL<2%, IC50<150nM",1098,331,41213,11208,0.02953247680228408,iedb_netmhcpan_ba_ic50
imm0p05_proc1p25_ellt2_ic50lt500,0.05,1.25,2.0,False,500.0,"imm>0.05, proc>1.25, EL<2%, IC50<500nM",1999,484,67760,14244,0.033979219320415616,iedb_netmhcpan_ba_ic50
imm0p05_proc1p25_ellt2_ic50lt1000,0.05,1.25,2.0,False,1000.0,"imm>0.05, proc>1.25, EL<2%, IC50<1000nM",2920,583,89173,16107,0.03619544297510399,iedb_netmhcpan_ba_ic50
imm0p05_proc1p25_ellt5_ic50lt150,0.05,1.25,5.0,False,150.0,"imm>0.05, proc>1.25, EL<5%, IC50<150nM",1098,331,41543,11258,0.02940131462071416,iedb_netmhcpan_ba_ic50
imm0p05_proc1p25_ellt5_ic50lt500,0.05,1.25,5.0,False,500.0,"imm>0.05, proc>1.25, EL<5%, IC50<500nM",1999,484,69355,14474,0.033439270415918196,iedb_netmhcpan_ba_ic50
imm0p05_proc1p25_ellt5_ic50lt1000,0.05,1.25,5.0,False,1000.0,"imm>0.05, proc>1.25, EL<5%, IC50<1000nM",2921,583,93069,16572,0.03517982138546947,iedb_netmhcpan_ba_ic50
imm0p05_proc1p25_ellt10_ic50lt150,0.05,1.25,10.0,False,150.0,"imm>0.05, proc>1.25, EL<10%, IC50<150nM",1098,331,41562,11261,0.02939348192878075,iedb_netmhcpan_ba_ic50
imm0p05_proc1p25_ellt10_ic50lt500,0.05,1.25,10.0,False,500.0,"imm>0.05, proc>1.25, EL<10%, IC50<500nM",1999,484,69526,14504,0.03337010479867623,iedb_netmhcpan_ba_ic50
imm0p05_proc1p25_ellt10_ic50lt1000,0.05,1.25,10.0,False,1000.0,"imm>0.05, proc>1.25, EL<10%, IC50<1000nM",2921,583,93547,16647,0.035021325163693155,iedb_netmhcpan_ba_ic50
imm0p05_proc1p5_ellt1_ic50lt150,0.05,1.5,1.0,False,150.0,"imm>0.05, proc>1.5, EL<1%, IC50<150nM",853,271,40011,10987,0.024665513789023392,iedb_netmhcpan_ba_ic50
imm0p05_proc1p5_ellt1_ic50lt500,0.05,1.5,1.0,False,500.0,"imm>0.05, proc>1.5, EL<1%, IC50<500nM",1594,392,63415,13665,0.028686425173801683,iedb_netmhcpan_ba_ic50
imm0p05_proc1p5_ellt1_ic50lt1000,0.05,1.5,1.0,False,1000.0,"imm>0.05, proc>1.5, EL<1%, IC50<1000nM",2351,467,80271,15163,0.030798654619798194,iedb_netmhcpan_ba_ic50
imm0p05_proc1p5_ellt2_ic50lt150,0.05,1.5,2.0,False,150.0,"imm>0.05, proc>1.5, EL<2%, IC50<150nM",853,271,41213,11208,0.024179157744468237,iedb_netmhcpan_ba_ic50
imm0p05_proc1p5_ellt2_ic50lt500,0.05,1.5,2.0,False,500.0,"imm>0.05, proc>1.5, EL<2%, IC50<500nM",1601,394,67760,14244,0.02766076944678461,iedb_netmhcpan_ba_ic50
imm0p05_proc1p5_ellt2_ic50lt1000,0.05,1.5,2.0,False,1000.0,"imm>0.05, proc>1.5, EL<2%, IC50<1000nM",2372,471,89173,16107,0.029241944496181786,iedb_netmhcpan_ba_ic50
imm0p05_proc1p5_ellt5_ic50lt150,0.05,1.5,5.0,False,150.0,"imm>0.05, proc>1.5, EL<5%, IC50<150nM",853,271,41543,11258,0.024071771184935156,iedb_netmhcpan_ba_ic50
imm0p05_proc1p5_ellt5_ic50lt500,0.05,1.5,5.0,False,500.0,"imm>0.05, proc>1.5, EL<5%, IC50<500nM",1601,394,69355,14474,0.02722122426419787,iedb_netmhcpan_ba_ic50
imm0p05_proc1p5_ellt5_ic50lt1000,0.05,1.5,5.0,False,1000.0,"imm>0.05, proc>1.5, EL<5%, IC50<1000nM",2373,471,93069,16572,0.02842143374366401,iedb_netmhcpan_ba_ic50
imm0p05_proc1p5_ellt10_ic50lt150,0.05,1.5,10.0,False,150.0,"imm>0.05, proc>1.5, EL<10%, IC50<150nM",853,271,41562,11261,0.02406535831631294,iedb_netmhcpan_ba_ic50
imm0p05_proc1p5_ellt10_ic50lt500,0.05,1.5,10.0,False,500.0,"imm>0.05, proc>1.5, EL<10%, IC50<500nM",1601,394,69526,14504,0.027164920022062878,iedb_netmhcpan_ba_ic50
imm0p05_proc1p5_ellt10_ic50lt1000,0.05,1.5,10.0,False,1000.0,"imm>0.05, proc>1.5, EL<10%, IC50<1000nM",2373,471,93547,16647,0.028293386195710937,iedb_netmhcpan_ba_ic50
imm0p05_proc1p75_ellt1_ic50lt150,0.05,1.75,1.0,False,150.0,"imm>0.05, proc>1.75, EL<1%, IC50<150nM",614,184,40011,10987,0.01674706471284245,iedb_netmhcpan_ba_ic50
imm0p05_proc1p75_ellt1_ic50lt500,0.05,1.75,1.0,False,500.0,"imm>0.05, proc>1.75, EL<1%, IC50<500nM",1129,258,63415,13665,0.018880351262349066,iedb_netmhcpan_ba_ic50
imm0p05_proc1p75_ellt1_ic50lt1000,0.05,1.75,1.0,False,1000.0,"imm>0.05, proc>1.75, EL<1%, IC50<1000nM",1696,315,80271,15163,0.020774253116137967,iedb_netmhcpan_ba_ic50
imm0p05_proc1p75_ellt2_ic50lt150,0.05,1.75,2.0,False,150.0,"imm>0.05, proc>1.75, EL<2%, IC50<150nM",614,184,41213,11208,0.01641684511063526,iedb_netmhcpan_ba_ic50
imm0p05_proc1p75_ellt2_ic50lt500,0.05,1.75,2.0,False,500.0,"imm>0.05, proc>1.75, EL<2%, IC50<500nM",1136,260,67760,14244,0.01825329963493401,iedb_netmhcpan_ba_ic50
imm0p05_proc1p75_ellt2_ic50lt1000,0.05,1.75,2.0,False,1000.0,"imm>0.05, proc>1.75, EL<2%, IC50<1000nM",1715,319,89173,16107,0.019805053703358787,iedb_netmhcpan_ba_ic50
imm0p05_proc1p75_ellt5_ic50lt150,0.05,1.75,5.0,False,150.0,"imm>0.05, proc>1.75, EL<5%, IC50<150nM",614,184,41543,11258,0.016343933203055605,iedb_netmhcpan_ba_ic50
imm0p05_proc1p75_ellt5_ic50lt500,0.05,1.75,5.0,False,500.0,"imm>0.05, proc>1.75, EL<5%, IC50<500nM",1136,260,69355,14474,0.017963244438303164,iedb_netmhcpan_ba_ic50
imm0p05_proc1p75_ellt5_ic50lt1000,0.05,1.75,5.0,False,1000.0,"imm>0.05, proc>1.75, EL<5%, IC50<1000nM",1716,319,93069,16572,0.01924933622978518,iedb_netmhcpan_ba_ic50
imm0p05_proc1p75_ellt10_ic50lt150,0.05,1.75,10.0,False,150.0,"imm>0.05, proc>1.75, EL<10%, IC50<150nM",614,184,41562,11261,0.016339579078234617,iedb_netmhcpan_ba_ic50
imm0p05_proc1p75_ellt10_ic50lt500,0.05,1.75,10.0,False,500.0,"imm>0.05, proc>1.75, EL<10%, IC50<500nM",1136,260,69526,14504,0.017926089354660783,iedb_netmhcpan_ba_ic50
imm0p05_proc1p75_ellt10_ic50lt1000,0.05,1.75,10.0,False,1000.0,"imm>0.05, proc>1.75, EL<10%, IC50<1000nM",1716,319,93547,16647,0.019162611882020786,iedb_netmhcpan_ba_ic50
imm0p1_proc1p25_ellt1_ic50lt150,0.1,1.25,1.0,False,150.0,"imm>0.1, proc>1.25, EL<1%, IC50<150nM",799,229,40011,10987,0.020842814235005006,iedb_netmhcpan_ba_ic50
imm0p1_proc1p25_ellt1_ic50lt500,0.1,1.25,1.0,False,500.0,"imm>0.1, proc>1.25, EL<1%, IC50<500nM",1434,341,63415,13665,0.02495426271496524,iedb_netmhcpan_ba_ic50
imm0p1_proc1p25_ellt1_ic50lt1000,0.1,1.25,1.0,False,1000.0,"imm>0.1, proc>1.25, EL<1%, IC50<1000nM",2083,414,80271,15163,0.027303304095495615,iedb_netmhcpan_ba_ic50
imm0p1_proc1p25_ellt2_ic50lt150,0.1,1.25,2.0,False,150.0,"imm>0.1, proc>1.25, EL<2%, IC50<150nM",805,229,41213,11208,0.020431834403997144,iedb_netmhcpan_ba_ic50
imm0p1_proc1p25_ellt2_ic50lt500,0.1,1.25,2.0,False,500.0,"imm>0.1, proc>1.25, EL<2%, IC50<500nM",1446,342,67760,14244,0.02401010951979781,iedb_netmhcpan_ba_ic50
imm0p1_proc1p25_ellt2_ic50lt1000,0.1,1.25,2.0,False,1000.0,"imm>0.1, proc>1.25, EL<2%, IC50<1000nM",2107,416,89173,16107,0.0258272800645682,iedb_netmhcpan_ba_ic50
imm0p1_proc1p25_ellt5_ic50lt150,0.1,1.25,5.0,False,150.0,"imm>0.1, proc>1.25, EL<5%, IC50<150nM",805,229,41543,11258,0.020341090779889857,iedb_netmhcpan_ba_ic50
imm0p1_proc1p25_ellt5_ic50lt500,0.1,1.25,5.0,False,500.0,"imm>0.1, proc>1.25, EL<5%, IC50<500nM",1446,342,69355,14474,0.023628575376537238,iedb_netmhcpan_ba_ic50
imm0p1_proc1p25_ellt5_ic50lt1000,0.1,1.25,5.0,False,1000.0,"imm>0.1, proc>1.25, EL<5%, IC50<1000nM",2108,416,93069,16572,0.02510258266956312,iedb_netmhcpan_ba_ic50
imm0p1_proc1p25_ellt10_ic50lt150,0.1,1.25,10.0,False,150.0,"imm>0.1, proc>1.25, EL<10%, IC50<150nM",805,229,41562,11261,0.020335671787585472,iedb_netmhcpan_ba_ic50
imm0p1_proc1p25_ellt10_ic50lt500,0.1,1.25,10.0,False,500.0,"imm>0.1, proc>1.25, EL<10%, IC50<500nM",1446,342,69526,14504,0.023579702151130724,iedb_netmhcpan_ba_ic50
imm0p1_proc1p25_ellt10_ic50lt1000,0.1,1.25,10.0,False,1000.0,"imm>0.1, proc>1.25, EL<10%, IC50<1000nM",2108,416,93547,16647,0.024989487595362528,iedb_netmhcpan_ba_ic50
imm0p1_proc1p5_ellt1_ic50lt150,0.1,1.5,1.0,False,150.0,"imm>0.1, proc>1.5, EL<1%, IC50<150nM",617,182,40011,10987,0.016565031400746336,iedb_netmhcpan_ba_ic50
imm0p1_proc1p5_ellt1_ic50lt500,0.1,1.5,1.0,False,500.0,"imm>0.1, proc>1.5, EL<1%, IC50<500nM",1133,269,63415,13665,0.01968532747896085,iedb_netmhcpan_ba_ic50
imm0p1_proc1p5_ellt1_ic50lt1000,0.1,1.5,1.0,False,1000.0,"imm>0.1, proc>1.5, EL<1%, IC50<1000nM",1677,327,80271,15163,0.021565653234847985,iedb_netmhcpan_ba_ic50
imm0p1_proc1p5_ellt2_ic50lt150,0.1,1.5,2.0,False,150.0,"imm>0.1, proc>1.5, EL<2%, IC50<150nM",617,182,41213,11208,0.0162384011420414,iedb_netmhcpan_ba_ic50
imm0p1_proc1p5_ellt2_ic50lt500,0.1,1.5,2.0,False,500.0,"imm>0.1, proc>1.5, EL<2%, IC50<500nM",1136,270,67760,14244,0.018955349620893007,iedb_netmhcpan_ba_ic50
imm0p1_proc1p5_ellt2_ic50lt1000,0.1,1.5,2.0,False,1000.0,"imm>0.1, proc>1.5, EL<2%, IC50<1000nM",1690,329,89173,16107,0.020425901781833986,iedb_netmhcpan_ba_ic50
imm0p1_proc1p5_ellt5_ic50lt150,0.1,1.5,5.0,False,150.0,"imm>0.1, proc>1.5, EL<5%, IC50<150nM",617,182,41543,11258,0.016166281755196306,iedb_netmhcpan_ba_ic50
imm0p1_proc1p5_ellt5_ic50lt500,0.1,1.5,5.0,False,500.0,"imm>0.1, proc>1.5, EL<5%, IC50<500nM",1136,270,69355,14474,0.01865413845516098,iedb_netmhcpan_ba_ic50
imm0p1_proc1p5_ellt5_ic50lt1000,0.1,1.5,5.0,False,1000.0,"imm>0.1, proc>1.5, EL<5%, IC50<1000nM",1691,329,93069,16572,0.019852763697803526,iedb_netmhcpan_ba_ic50
imm0p1_proc1p5_ellt10_ic50lt150,0.1,1.5,10.0,False,150.0,"imm>0.1, proc>1.5, EL<10%, IC50<150nM",617,182,41562,11261,0.01616197495781902,iedb_netmhcpan_ba_ic50
imm0p1_proc1p5_ellt10_ic50lt500,0.1,1.5,10.0,False,500.0,"imm>0.1, proc>1.5, EL<10%, IC50<500nM",1136,270,69526,14504,0.018615554329840044,iedb_netmhcpan_ba_ic50
imm0p1_proc1p5_ellt10_ic50lt1000,0.1,1.5,10.0,False,1000.0,"imm>0.1, proc>1.5, EL<10%, IC50<1000nM",1691,329,93547,16647,0.019763320718447767,iedb_netmhcpan_ba_ic50
imm0p1_proc1p75_ellt1_ic50lt150,0.1,1.75,1.0,False,150.0,"imm>0.1, proc>1.75, EL<1%, IC50<150nM",462,127,40011,10987,0.011559115318103212,iedb_netmhcpan_ba_ic50
imm0p1_proc1p75_ellt1_ic50lt500,0.1,1.75,1.0,False,500.0,"imm>0.1, proc>1.75, EL<1%, IC50<500nM",819,182,63415,13665,0.01331869740212221,iedb_netmhcpan_ba_ic50
imm0p1_proc1p75_ellt1_ic50lt1000,0.1,1.75,1.0,False,1000.0,"imm>0.1, proc>1.75, EL<1%, IC50<1000nM",1237,224,80271,15163,0.014772802215920332,iedb_netmhcpan_ba_ic50
imm0p1_proc1p75_ellt2_ic50lt150,0.1,1.75,2.0,False,150.0,"imm>0.1, proc>1.75, EL<2%, IC50<150nM",462,127,41213,11208,0.011331192005710207,iedb_netmhcpan_ba_ic50
imm0p1_proc1p75_ellt2_ic50lt500,0.1,1.75,2.0,False,500.0,"imm>0.1, proc>1.75, EL<2%, IC50<500nM",822,183,67760,14244,0.012847514743049706,iedb_netmhcpan_ba_ic50
imm0p1_proc1p75_ellt2_ic50lt1000,0.1,1.75,2.0,False,1000.0,"imm>0.1, proc>1.75, EL<2%, IC50<1000nM",1248,226,89173,16107,0.014031166573539455,iedb_netmhcpan_ba_ic50
imm0p1_proc1p75_ellt5_ic50lt150,0.1,1.75,5.0,False,150.0,"imm>0.1, proc>1.75, EL<5%, IC50<150nM",462,127,41543,11258,0.011280866939065553,iedb_netmhcpan_ba_ic50
imm0p1_proc1p75_ellt5_ic50lt500,0.1,1.75,5.0,False,500.0,"imm>0.1, proc>1.75, EL<5%, IC50<500nM",822,183,69355,14474,0.012643360508497997,iedb_netmhcpan_ba_ic50
imm0p1_proc1p75_ellt5_ic50lt1000,0.1,1.75,5.0,False,1000.0,"imm>0.1, proc>1.75, EL<5%, IC50<1000nM",1249,226,93069,16572,0.013637460777214578,iedb_netmhcpan_ba_ic50
imm0p1_proc1p75_ellt10_ic50lt150,0.1,1.75,10.0,False,150.0,"imm>0.1, proc>1.75, EL<10%, IC50<150nM",462,127,41562,11261,0.011277861646390197,iedb_netmhcpan_ba_ic50
imm0p1_proc1p75_ellt10_ic50lt500,0.1,1.75,10.0,False,500.0,"imm>0.1, proc>1.75, EL<10%, IC50<500nM",822,183,69526,14504,0.012617209045780474,iedb_netmhcpan_ba_ic50
imm0p1_proc1p75_ellt10_ic50lt1000,0.1,1.75,10.0,False,1000.0,"imm>0.1, proc>1.75, EL<10%, IC50<1000nM",1249,226,93547,16647,0.013576019703249835,iedb_netmhcpan_ba_ic50
imm0p15_proc1p25_ellt1_ic50lt150,0.15,1.25,1.0,False,150.0,"imm>0.15, proc>1.25, EL<1%, IC50<150nM",578,156,40011,10987,0.01419859834349686,iedb_netmhcpan_ba_ic50
imm0p15_proc1p25_ellt1_ic50lt500,0.15,1.25,1.0,False,500.0,"imm>0.15, proc>1.25, EL<1%, IC50<500nM",1022,228,63415,13665,0.01668496158068057,iedb_netmhcpan_ba_ic50
imm0p15_proc1p25_ellt1_ic50lt1000,0.15,1.25,1.0,False,1000.0,"imm>0.15, proc>1.25, EL<1%, IC50<1000nM",1473,272,80271,15163,0.017938402690760403,iedb_netmhcpan_ba_ic50
imm0p15_proc1p25_ellt2_ic50lt150,0.15,1.25,2.0,False,150.0,"imm>0.15, proc>1.25, EL<2%, IC50<150nM",584,156,41213,11208,0.013918629550321198,iedb_netmhcpan_ba_ic50
imm0p15_proc1p25_ellt2_ic50lt500,0.15,1.25,2.0,False,500.0,"imm>0.15, proc>1.25, EL<2%, IC50<500nM",1033,228,67760,14244,0.016006739679865205,iedb_netmhcpan_ba_ic50
imm0p15_proc1p25_ellt2_ic50lt1000,0.15,1.25,2.0,False,1000.0,"imm>0.15, proc>1.25, EL<2%, IC50<1000nM",1492,273,89173,16107,0.01694915254237288,iedb_netmhcpan_ba_ic50
imm0p15_proc1p25_ellt5_ic50lt150,0.15,1.25,5.0,False,150.0,"imm>0.15, proc>1.25, EL<5%, IC50<150nM",584,156,41543,11258,0.013856812933025405,iedb_netmhcpan_ba_ic50
imm0p15_proc1p25_ellt5_ic50lt500,0.15,1.25,5.0,False,500.0,"imm>0.15, proc>1.25, EL<5%, IC50<500nM",1033,228,69355,14474,0.01575238358435816,iedb_netmhcpan_ba_ic50
imm0p15_proc1p25_ellt5_ic50lt1000,0.15,1.25,5.0,False,1000.0,"imm>0.15, proc>1.25, EL<5%, IC50<1000nM",1493,273,93069,16572,0.016473569876900795,iedb_netmhcpan_ba_ic50
imm0p15_proc1p25_ellt10_ic50lt150,0.15,1.25,10.0,False,150.0,"imm>0.15, proc>1.25, EL<10%, IC50<150nM",584,156,41562,11261,0.013853121392416304,iedb_netmhcpan_ba_ic50
imm0p15_proc1p25_ellt10_ic50lt500,0.15,1.25,10.0,False,500.0,"imm>0.15, proc>1.25, EL<10%, IC50<500nM",1033,228,69526,14504,0.015719801434087147,iedb_netmhcpan_ba_ic50
imm0p15_proc1p25_ellt10_ic50lt1000,0.15,1.25,10.0,False,1000.0,"imm>0.15, proc>1.25, EL<10%, IC50<1000nM",1493,273,93547,16647,0.01639935123445666,iedb_netmhcpan_ba_ic50
imm0p15_proc1p5_ellt1_ic50lt150,0.15,1.5,1.0,False,150.0,"imm>0.15, proc>1.5, EL<1%, IC50<150nM",465,127,40011,10987,0.011559115318103212,iedb_netmhcpan_ba_ic50
imm0p15_proc1p5_ellt1_ic50lt500,0.15,1.5,1.0,False,500.0,"imm>0.15, proc>1.5, EL<1%, IC50<500nM",841,185,63415,13665,0.01353823637028906,iedb_netmhcpan_ba_ic50
imm0p15_proc1p5_ellt1_ic50lt1000,0.15,1.5,1.0,False,1000.0,"imm>0.15, proc>1.5, EL<1%, IC50<1000nM",1231,220,80271,15163,0.014509002176350327,iedb_netmhcpan_ba_ic50
imm0p15_proc1p5_ellt2_ic50lt150,0.15,1.5,2.0,False,150.0,"imm>0.15, proc>1.5, EL<2%, IC50<150nM",465,127,41213,11208,0.011331192005710207,iedb_netmhcpan_ba_ic50
imm0p15_proc1p5_ellt2_ic50lt500,0.15,1.5,2.0,False,500.0,"imm>0.15, proc>1.5, EL<2%, IC50<500nM",843,185,67760,14244,0.012987924740241505,iedb_netmhcpan_ba_ic50
imm0p15_proc1p5_ellt2_ic50lt1000,0.15,1.5,2.0,False,1000.0,"imm>0.15, proc>1.5, EL<2%, IC50<1000nM",1239,221,89173,16107,0.013720742534301856,iedb_netmhcpan_ba_ic50
imm0p15_proc1p5_ellt5_ic50lt150,0.15,1.5,5.0,False,150.0,"imm>0.15, proc>1.5, EL<5%, IC50<150nM",465,127,41543,11258,0.011280866939065553,iedb_netmhcpan_ba_ic50
imm0p15_proc1p5_ellt5_ic50lt500,0.15,1.5,5.0,False,500.0,"imm>0.15, proc>1.5, EL<5%, IC50<500nM",843,185,69355,14474,0.01278153931186956,iedb_netmhcpan_ba_ic50
imm0p15_proc1p5_ellt5_ic50lt1000,0.15,1.5,5.0,False,1000.0,"imm>0.15, proc>1.5, EL<5%, IC50<1000nM",1240,221,93069,16572,0.013335747043205406,iedb_netmhcpan_ba_ic50
imm0p15_proc1p5_ellt10_ic50lt150,0.15,1.5,10.0,False,150.0,"imm>0.15, proc>1.5, EL<10%, IC50<150nM",465,127,41562,11261,0.011277861646390197,iedb_netmhcpan_ba_ic50
imm0p15_proc1p5_ellt10_ic50lt500,0.15,1.5,10.0,False,500.0,"imm>0.15, proc>1.5, EL<10%, IC50<500nM",843,185,69526,14504,0.012755102040816327,iedb_netmhcpan_ba_ic50
imm0p15_proc1p5_ellt10_ic50lt1000,0.15,1.5,10.0,False,1000.0,"imm>0.15, proc>1.5, EL<10%, IC50<1000nM",1240,221,93547,16647,0.013275665285036342,iedb_netmhcpan_ba_ic50
imm0p15_proc1p75_ellt1_ic50lt150,0.15,1.75,1.0,False,150.0,"imm>0.15, proc>1.75, EL<1%, IC50<150nM",362,92,40011,10987,0.008373532356421225,iedb_netmhcpan_ba_ic50
imm0p15_proc1p75_ellt1_ic50lt500,0.15,1.75,1.0,False,500.0,"imm>0.15, proc>1.75, EL<1%, IC50<500nM",633,130,63415,13665,0.00951335528723015,iedb_netmhcpan_ba_ic50
imm0p15_proc1p75_ellt1_ic50lt1000,0.15,1.75,1.0,False,1000.0,"imm>0.15, proc>1.75, EL<1%, IC50<1000nM",947,158,80271,15163,0.010420101563015234,iedb_netmhcpan_ba_ic50
imm0p15_proc1p75_ellt2_ic50lt150,0.15,1.75,2.0,False,150.0,"imm>0.15, proc>1.75, EL<2%, IC50<150nM",362,92,41213,11208,0.00820842255531763,iedb_netmhcpan_ba_ic50
imm0p15_proc1p75_ellt2_ic50lt500,0.15,1.75,2.0,False,500.0,"imm>0.15, proc>1.75, EL<2%, IC50<500nM",635,130,67760,14244,0.009126649817467004,iedb_netmhcpan_ba_ic50
imm0p15_proc1p75_ellt2_ic50lt1000,0.15,1.75,2.0,False,1000.0,"imm>0.15, proc>1.75, EL<2%, IC50<1000nM",954,159,89173,16107,0.009871484447755634,iedb_netmhcpan_ba_ic50
imm0p15_proc1p75_ellt5_ic50lt150,0.15,1.75,5.0,False,150.0,"imm>0.15, proc>1.75, EL<5%, IC50<150nM",362,92,41543,11258,0.008171966601527803,iedb_netmhcpan_ba_ic50
imm0p15_proc1p75_ellt5_ic50lt500,0.15,1.75,5.0,False,500.0,"imm>0.15, proc>1.75, EL<5%, IC50<500nM",635,130,69355,14474,0.008981622219151582,iedb_netmhcpan_ba_ic50
imm0p15_proc1p75_ellt5_ic50lt1000,0.15,1.75,5.0,False,1000.0,"imm>0.15, proc>1.75, EL<5%, IC50<1000nM",955,159,93069,16572,0.009594496741491673,iedb_netmhcpan_ba_ic50
imm0p15_proc1p75_ellt10_ic50lt150,0.15,1.75,10.0,False,150.0,"imm>0.15, proc>1.75, EL<10%, IC50<150nM",362,92,41562,11261,0.008169789539117308,iedb_netmhcpan_ba_ic50
imm0p15_proc1p75_ellt10_ic50lt500,0.15,1.75,10.0,False,500.0,"imm>0.15, proc>1.75, EL<10%, IC50<500nM",635,130,69526,14504,0.008963044677330391,iedb_netmhcpan_ba_ic50
imm0p15_proc1p75_ellt10_ic50lt1000,0.15,1.75,10.0,False,1000.0,"imm>0.15, proc>1.75, EL<10%, IC50<1000nM",955,159,93547,16647,0.009551270499189043,iedb_netmhcpan_ba_ic50
