profile_id,imm_min,proc_min,el_max_pct,el_lte,ic50_max_nm,filter_label,n_sb_rows,n_unique_9mers,ic50_source
imm0p05_proc1p25_ellt1_ic50lt150,0.05,1.25,1.0,False,150.0,"imm>0.05, proc>1.25, EL<1%, IC50<150nM",130,33,iedb_netmhcpan_ba_ic50
imm0p05_proc1p25_ellt1_ic50lt500,0.05,1.25,1.0,False,500.0,"imm>0.05, proc>1.25, EL<1%, IC50<500nM",220,41,iedb_netmhcpan_ba_ic50
imm0p05_proc1p25_ellt1_ic50lt1000,0.05,1.25,1.0,False,1000.0,"imm>0.05, proc>1.25, EL<1%, IC50<1000nM",266,45,iedb_netmhcpan_ba_ic50
imm0p05_proc1p25_ellt2_ic50lt150,0.05,1.25,2.0,False,150.0,"imm>0.05, proc>1.25, EL<2%, IC50<150nM",131,33,iedb_netmhcpan_ba_ic50
imm0p05_proc1p25_ellt2_ic50lt500,0.05,1.25,2.0,False,500.0,"imm>0.05, proc>1.25, EL<2%, IC50<500nM",236,41,iedb_netmhcpan_ba_ic50
imm0p05_proc1p25_ellt2_ic50lt1000,0.05,1.25,2.0,False,1000.0,"imm>0.05, proc>1.25, EL<2%, IC50<1000nM",298,45,iedb_netmhcpan_ba_ic50
imm0p05_proc1p25_ellt5_ic50lt150,0.05,1.25,5.0,False,150.0,"imm>0.05, proc>1.25, EL<5%, IC50<150nM",131,33,iedb_netmhcpan_ba_ic50
imm0p05_proc1p25_ellt5_ic50lt500,0.05,1.25,5.0,False,500.0,"imm>0.05, proc>1.25, EL<5%, IC50<500nM",237,41,iedb_netmhcpan_ba_ic50
imm0p05_proc1p25_ellt5_ic50lt1000,0.05,1.25,5.0,False,1000.0,"imm>0.05, proc>1.25, EL<5%, IC50<1000nM",300,45,iedb_netmhcpan_ba_ic50
imm0p05_proc1p25_ellt10_ic50lt150,0.05,1.25,10.0,False,150.0,"imm>0.05, proc>1.25, EL<10%, IC50<150nM",131,33,iedb_netmhcpan_ba_ic50
imm0p05_proc1p25_ellt10_ic50lt500,0.05,1.25,10.0,False,500.0,"imm>0.05, proc>1.25, EL<10%, IC50<500nM",237,41,iedb_netmhcpan_ba_ic50
imm0p05_proc1p25_ellt10_ic50lt1000,0.05,1.25,10.0,False,1000.0,"imm>0.05, proc>1.25, EL<10%, IC50<1000nM",300,45,iedb_netmhcpan_ba_ic50
imm0p05_proc1p5_ellt1_ic50lt150,0.05,1.5,1.0,False,150.0,"imm>0.05, proc>1.5, EL<1%, IC50<150nM",130,33,iedb_netmhcpan_ba_ic50
imm0p05_proc1p5_ellt1_ic50lt500,0.05,1.5,1.0,False,500.0,"imm>0.05, proc>1.5, EL<1%, IC50<500nM",220,41,iedb_netmhcpan_ba_ic50
imm0p05_proc1p5_ellt1_ic50lt1000,0.05,1.5,1.0,False,1000.0,"imm>0.05, proc>1.5, EL<1%, IC50<1000nM",266,45,iedb_netmhcpan_ba_ic50
imm0p05_proc1p5_ellt2_ic50lt150,0.05,1.5,2.0,False,150.0,"imm>0.05, proc>1.5, EL<2%, IC50<150nM",131,33,iedb_netmhcpan_ba_ic50
imm0p05_proc1p5_ellt2_ic50lt500,0.05,1.5,2.0,False,500.0,"imm>0.05, proc>1.5, EL<2%, IC50<500nM",236,41,iedb_netmhcpan_ba_ic50
imm0p05_proc1p5_ellt2_ic50lt1000,0.05,1.5,2.0,False,1000.0,"imm>0.05, proc>1.5, EL<2%, IC50<1000nM",298,45,iedb_netmhcpan_ba_ic50
imm0p05_proc1p5_ellt5_ic50lt150,0.05,1.5,5.0,False,150.0,"imm>0.05, proc>1.5, EL<5%, IC50<150nM",131,33,iedb_netmhcpan_ba_ic50
imm0p05_proc1p5_ellt5_ic50lt500,0.05,1.5,5.0,False,500.0,"imm>0.05, proc>1.5, EL<5%, IC50<500nM",237,41,iedb_netmhcpan_ba_ic50
imm0p05_proc1p5_ellt5_ic50lt1000,0.05,1.5,5.0,False,1000.0,"imm>0.05, proc>1.5, EL<5%, IC50<1000nM",300,45,iedb_netmhcpan_ba_ic50
imm0p05_proc1p5_ellt10_ic50lt150,0.05,1.5,10.0,False,150.0,"imm>0.05, proc>1.5, EL<10%, IC50<150nM",131,33,iedb_netmhcpan_ba_ic50
imm0p05_proc1p5_ellt10_ic50lt500,0.05,1.5,10.0,False,500.0,"imm>0.05, proc>1.5, EL<10%, IC50<500nM",237,41,iedb_netmhcpan_ba_ic50
imm0p05_proc1p5_ellt10_ic50lt1000,0.05,1.5,10.0,False,1000.0,"imm>0.05, proc>1.5, EL<10%, IC50<1000nM",300,45,iedb_netmhcpan_ba_ic50
imm0p05_proc1p75_ellt1_ic50lt150,0.05,1.75,1.0,False,150.0,"imm>0.05, proc>1.75, EL<1%, IC50<150nM",130,33,iedb_netmhcpan_ba_ic50
imm0p05_proc1p75_ellt1_ic50lt500,0.05,1.75,1.0,False,500.0,"imm>0.05, proc>1.75, EL<1%, IC50<500nM",220,41,iedb_netmhcpan_ba_ic50
imm0p05_proc1p75_ellt1_ic50lt1000,0.05,1.75,1.0,False,1000.0,"imm>0.05, proc>1.75, EL<1%, IC50<1000nM",266,45,iedb_netmhcpan_ba_ic50
imm0p05_proc1p75_ellt2_ic50lt150,0.05,1.75,2.0,False,150.0,"imm>0.05, proc>1.75, EL<2%, IC50<150nM",131,33,iedb_netmhcpan_ba_ic50
imm0p05_proc1p75_ellt2_ic50lt500,0.05,1.75,2.0,False,500.0,"imm>0.05, proc>1.75, EL<2%, IC50<500nM",236,41,iedb_netmhcpan_ba_ic50
imm0p05_proc1p75_ellt2_ic50lt1000,0.05,1.75,2.0,False,1000.0,"imm>0.05, proc>1.75, EL<2%, IC50<1000nM",298,45,iedb_netmhcpan_ba_ic50
imm0p05_proc1p75_ellt5_ic50lt150,0.05,1.75,5.0,False,150.0,"imm>0.05, proc>1.75, EL<5%, IC50<150nM",131,33,iedb_netmhcpan_ba_ic50
imm0p05_proc1p75_ellt5_ic50lt500,0.05,1.75,5.0,False,500.0,"imm>0.05, proc>1.75, EL<5%, IC50<500nM",237,41,iedb_netmhcpan_ba_ic50
imm0p05_proc1p75_ellt5_ic50lt1000,0.05,1.75,5.0,False,1000.0,"imm>0.05, proc>1.75, EL<5%, IC50<1000nM",300,45,iedb_netmhcpan_ba_ic50
imm0p05_proc1p75_ellt10_ic50lt150,0.05,1.75,10.0,False,150.0,"imm>0.05, proc>1.75, EL<10%, IC50<150nM",131,33,iedb_netmhcpan_ba_ic50
imm0p05_proc1p75_ellt10_ic50lt500,0.05,1.75,10.0,False,500.0,"imm>0.05, proc>1.75, EL<10%, IC50<500nM",237,41,iedb_netmhcpan_ba_ic50
imm0p05_proc1p75_ellt10_ic50lt1000,0.05,1.75,10.0,False,1000.0,"imm>0.05, proc>1.75, EL<10%, IC50<1000nM",300,45,iedb_netmhcpan_ba_ic50
imm0p1_proc1p25_ellt1_ic50lt150,0.1,1.25,1.0,False,150.0,"imm>0.1, proc>1.25, EL<1%, IC50<150nM",130,33,iedb_netmhcpan_ba_ic50
imm0p1_proc1p25_ellt1_ic50lt500,0.1,1.25,1.0,False,500.0,"imm>0.1, proc>1.25, EL<1%, IC50<500nM",220,41,iedb_netmhcpan_ba_ic50
imm0p1_proc1p25_ellt1_ic50lt1000,0.1,1.25,1.0,False,1000.0,"imm>0.1, proc>1.25, EL<1%, IC50<1000nM",266,45,iedb_netmhcpan_ba_ic50
imm0p1_proc1p25_ellt2_ic50lt150,0.1,1.25,2.0,False,150.0,"imm>0.1, proc>1.25, EL<2%, IC50<150nM",131,33,iedb_netmhcpan_ba_ic50
imm0p1_proc1p25_ellt2_ic50lt500,0.1,1.25,2.0,False,500.0,"imm>0.1, proc>1.25, EL<2%, IC50<500nM",236,41,iedb_netmhcpan_ba_ic50
imm0p1_proc1p25_ellt2_ic50lt1000,0.1,1.25,2.0,False,1000.0,"imm>0.1, proc>1.25, EL<2%, IC50<1000nM",298,45,iedb_netmhcpan_ba_ic50
imm0p1_proc1p25_ellt5_ic50lt150,0.1,1.25,5.0,False,150.0,"imm>0.1, proc>1.25, EL<5%, IC50<150nM",131,33,iedb_netmhcpan_ba_ic50
imm0p1_proc1p25_ellt5_ic50lt500,0.1,1.25,5.0,False,500.0,"imm>0.1, proc>1.25, EL<5%, IC50<500nM",237,41,iedb_netmhcpan_ba_ic50
imm0p1_proc1p25_ellt5_ic50lt1000,0.1,1.25,5.0,False,1000.0,"imm>0.1, proc>1.25, EL<5%, IC50<1000nM",300,45,iedb_netmhcpan_ba_ic50
imm0p1_proc1p25_ellt10_ic50lt150,0.1,1.25,10.0,False,150.0,"imm>0.1, proc>1.25, EL<10%, IC50<150nM",131,33,iedb_netmhcpan_ba_ic50
imm0p1_proc1p25_ellt10_ic50lt500,0.1,1.25,10.0,False,500.0,"imm>0.1, proc>1.25, EL<10%, IC50<500nM",237,41,iedb_netmhcpan_ba_ic50
imm0p1_proc1p25_ellt10_ic50lt1000,0.1,1.25,10.0,False,1000.0,"imm>0.1, proc>1.25, EL<10%, IC50<1000nM",300,45,iedb_netmhcpan_ba_ic50
imm0p1_proc1p5_ellt1_ic50lt150,0.1,1.5,1.0,False,150.0,"imm>0.1, proc>1.5, EL<1%, IC50<150nM",130,33,iedb_netmhcpan_ba_ic50
imm0p1_proc1p5_ellt1_ic50lt500,0.1,1.5,1.0,False,500.0,"imm>0.1, proc>1.5, EL<1%, IC50<500nM",220,41,iedb_netmhcpan_ba_ic50
imm0p1_proc1p5_ellt1_ic50lt1000,0.1,1.5,1.0,False,1000.0,"imm>0.1, proc>1.5, EL<1%, IC50<1000nM",266,45,iedb_netmhcpan_ba_ic50
imm0p1_proc1p5_ellt2_ic50lt150,0.1,1.5,2.0,False,150.0,"imm>0.1, proc>1.5, EL<2%, IC50<150nM",131,33,iedb_netmhcpan_ba_ic50
imm0p1_proc1p5_ellt2_ic50lt500,0.1,1.5,2.0,False,500.0,"imm>0.1, proc>1.5, EL<2%, IC50<500nM",236,41,iedb_netmhcpan_ba_ic50
imm0p1_proc1p5_ellt2_ic50lt1000,0.1,1.5,2.0,False,1000.0,"imm>0.1, proc>1.5, EL<2%, IC50<1000nM",298,45,iedb_netmhcpan_ba_ic50
imm0p1_proc1p5_ellt5_ic50lt150,0.1,1.5,5.0,False,150.0,"imm>0.1, proc>1.5, EL<5%, IC50<150nM",131,33,iedb_netmhcpan_ba_ic50
imm0p1_proc1p5_ellt5_ic50lt500,0.1,1.5,5.0,False,500.0,"imm>0.1, proc>1.5, EL<5%, IC50<500nM",237,41,iedb_netmhcpan_ba_ic50
imm0p1_proc1p5_ellt5_ic50lt1000,0.1,1.5,5.0,False,1000.0,"imm>0.1, proc>1.5, EL<5%, IC50<1000nM",300,45,iedb_netmhcpan_ba_ic50
imm0p1_proc1p5_ellt10_ic50lt150,0.1,1.5,10.0,False,150.0,"imm>0.1, proc>1.5, EL<10%, IC50<150nM",131,33,iedb_netmhcpan_ba_ic50
imm0p1_proc1p5_ellt10_ic50lt500,0.1,1.5,10.0,False,500.0,"imm>0.1, proc>1.5, EL<10%, IC50<500nM",237,41,iedb_netmhcpan_ba_ic50
imm0p1_proc1p5_ellt10_ic50lt1000,0.1,1.5,10.0,False,1000.0,"imm>0.1, proc>1.5, EL<10%, IC50<1000nM",300,45,iedb_netmhcpan_ba_ic50
imm0p1_proc1p75_ellt1_ic50lt150,0.1,1.75,1.0,False,150.0,"imm>0.1, proc>1.75, EL<1%, IC50<150nM",130,33,iedb_netmhcpan_ba_ic50
imm0p1_proc1p75_ellt1_ic50lt500,0.1,1.75,1.0,False,500.0,"imm>0.1, proc>1.75, EL<1%, IC50<500nM",220,41,iedb_netmhcpan_ba_ic50
imm0p1_proc1p75_ellt1_ic50lt1000,0.1,1.75,1.0,False,1000.0,"imm>0.1, proc>1.75, EL<1%, IC50<1000nM",266,45,iedb_netmhcpan_ba_ic50
imm0p1_proc1p75_ellt2_ic50lt150,0.1,1.75,2.0,False,150.0,"imm>0.1, proc>1.75, EL<2%, IC50<150nM",131,33,iedb_netmhcpan_ba_ic50
imm0p1_proc1p75_ellt2_ic50lt500,0.1,1.75,2.0,False,500.0,"imm>0.1, proc>1.75, EL<2%, IC50<500nM",236,41,iedb_netmhcpan_ba_ic50
imm0p1_proc1p75_ellt2_ic50lt1000,0.1,1.75,2.0,False,1000.0,"imm>0.1, proc>1.75, EL<2%, IC50<1000nM",298,45,iedb_netmhcpan_ba_ic50
imm0p1_proc1p75_ellt5_ic50lt150,0.1,1.75,5.0,False,150.0,"imm>0.1, proc>1.75, EL<5%, IC50<150nM",131,33,iedb_netmhcpan_ba_ic50
imm0p1_proc1p75_ellt5_ic50lt500,0.1,1.75,5.0,False,500.0,"imm>0.1, proc>1.75, EL<5%, IC50<500nM",237,41,iedb_netmhcpan_ba_ic50
imm0p1_proc1p75_ellt5_ic50lt1000,0.1,1.75,5.0,False,1000.0,"imm>0.1, proc>1.75, EL<5%, IC50<1000nM",300,45,iedb_netmhcpan_ba_ic50
imm0p1_proc1p75_ellt10_ic50lt150,0.1,1.75,10.0,False,150.0,"imm>0.1, proc>1.75, EL<10%, IC50<150nM",131,33,iedb_netmhcpan_ba_ic50
imm0p1_proc1p75_ellt10_ic50lt500,0.1,1.75,10.0,False,500.0,"imm>0.1, proc>1.75, EL<10%, IC50<500nM",237,41,iedb_netmhcpan_ba_ic50
imm0p1_proc1p75_ellt10_ic50lt1000,0.1,1.75,10.0,False,1000.0,"imm>0.1, proc>1.75, EL<10%, IC50<1000nM",300,45,iedb_netmhcpan_ba_ic50
imm0p15_proc1p25_ellt1_ic50lt150,0.15,1.25,1.0,False,150.0,"imm>0.15, proc>1.25, EL<1%, IC50<150nM",130,33,iedb_netmhcpan_ba_ic50
imm0p15_proc1p25_ellt1_ic50lt500,0.15,1.25,1.0,False,500.0,"imm>0.15, proc>1.25, EL<1%, IC50<500nM",220,41,iedb_netmhcpan_ba_ic50
imm0p15_proc1p25_ellt1_ic50lt1000,0.15,1.25,1.0,False,1000.0,"imm>0.15, proc>1.25, EL<1%, IC50<1000nM",266,45,iedb_netmhcpan_ba_ic50
imm0p15_proc1p25_ellt2_ic50lt150,0.15,1.25,2.0,False,150.0,"imm>0.15, proc>1.25, EL<2%, IC50<150nM",131,33,iedb_netmhcpan_ba_ic50
imm0p15_proc1p25_ellt2_ic50lt500,0.15,1.25,2.0,False,500.0,"imm>0.15, proc>1.25, EL<2%, IC50<500nM",236,41,iedb_netmhcpan_ba_ic50
imm0p15_proc1p25_ellt2_ic50lt1000,0.15,1.25,2.0,False,1000.0,"imm>0.15, proc>1.25, EL<2%, IC50<1000nM",298,45,iedb_netmhcpan_ba_ic50
imm0p15_proc1p25_ellt5_ic50lt150,0.15,1.25,5.0,False,150.0,"imm>0.15, proc>1.25, EL<5%, IC50<150nM",131,33,iedb_netmhcpan_ba_ic50
imm0p15_proc1p25_ellt5_ic50lt500,0.15,1.25,5.0,False,500.0,"imm>0.15, proc>1.25, EL<5%, IC50<500nM",237,41,iedb_netmhcpan_ba_ic50
imm0p15_proc1p25_ellt5_ic50lt1000,0.15,1.25,5.0,False,1000.0,"imm>0.15, proc>1.25, EL<5%, IC50<1000nM",300,45,iedb_netmhcpan_ba_ic50
imm0p15_proc1p25_ellt10_ic50lt150,0.15,1.25,10.0,False,150.0,"imm>0.15, proc>1.25, EL<10%, IC50<150nM",131,33,iedb_netmhcpan_ba_ic50
imm0p15_proc1p25_ellt10_ic50lt500,0.15,1.25,10.0,False,500.0,"imm>0.15, proc>1.25, EL<10%, IC50<500nM",237,41,iedb_netmhcpan_ba_ic50
imm0p15_proc1p25_ellt10_ic50lt1000,0.15,1.25,10.0,False,1000.0,"imm>0.15, proc>1.25, EL<10%, IC50<1000nM",300,45,iedb_netmhcpan_ba_ic50
imm0p15_proc1p5_ellt1_ic50lt150,0.15,1.5,1.0,False,150.0,"imm>0.15, proc>1.5, EL<1%, IC50<150nM",130,33,iedb_netmhcpan_ba_ic50
imm0p15_proc1p5_ellt1_ic50lt500,0.15,1.5,1.0,False,500.0,"imm>0.15, proc>1.5, EL<1%, IC50<500nM",220,41,iedb_netmhcpan_ba_ic50
imm0p15_proc1p5_ellt1_ic50lt1000,0.15,1.5,1.0,False,1000.0,"imm>0.15, proc>1.5, EL<1%, IC50<1000nM",266,45,iedb_netmhcpan_ba_ic50
imm0p15_proc1p5_ellt2_ic50lt150,0.15,1.5,2.0,False,150.0,"imm>0.15, proc>1.5, EL<2%, IC50<150nM",131,33,iedb_netmhcpan_ba_ic50
imm0p15_proc1p5_ellt2_ic50lt500,0.15,1.5,2.0,False,500.0,"imm>0.15, proc>1.5, EL<2%, IC50<500nM",236,41,iedb_netmhcpan_ba_ic50
imm0p15_proc1p5_ellt2_ic50lt1000,0.15,1.5,2.0,False,1000.0,"imm>0.15, proc>1.5, EL<2%, IC50<1000nM",298,45,iedb_netmhcpan_ba_ic50
imm0p15_proc1p5_ellt5_ic50lt150,0.15,1.5,5.0,False,150.0,"imm>0.15, proc>1.5, EL<5%, IC50<150nM",131,33,iedb_netmhcpan_ba_ic50
imm0p15_proc1p5_ellt5_ic50lt500,0.15,1.5,5.0,False,500.0,"imm>0.15, proc>1.5, EL<5%, IC50<500nM",237,41,iedb_netmhcpan_ba_ic50
imm0p15_proc1p5_ellt5_ic50lt1000,0.15,1.5,5.0,False,1000.0,"imm>0.15, proc>1.5, EL<5%, IC50<1000nM",300,45,iedb_netmhcpan_ba_ic50
imm0p15_proc1p5_ellt10_ic50lt150,0.15,1.5,10.0,False,150.0,"imm>0.15, proc>1.5, EL<10%, IC50<150nM",131,33,iedb_netmhcpan_ba_ic50
imm0p15_proc1p5_ellt10_ic50lt500,0.15,1.5,10.0,False,500.0,"imm>0.15, proc>1.5, EL<10%, IC50<500nM",237,41,iedb_netmhcpan_ba_ic50
imm0p15_proc1p5_ellt10_ic50lt1000,0.15,1.5,10.0,False,1000.0,"imm>0.15, proc>1.5, EL<10%, IC50<1000nM",300,45,iedb_netmhcpan_ba_ic50
imm0p15_proc1p75_ellt1_ic50lt150,0.15,1.75,1.0,False,150.0,"imm>0.15, proc>1.75, EL<1%, IC50<150nM",130,33,iedb_netmhcpan_ba_ic50
imm0p15_proc1p75_ellt1_ic50lt500,0.15,1.75,1.0,False,500.0,"imm>0.15, proc>1.75, EL<1%, IC50<500nM",220,41,iedb_netmhcpan_ba_ic50
imm0p15_proc1p75_ellt1_ic50lt1000,0.15,1.75,1.0,False,1000.0,"imm>0.15, proc>1.75, EL<1%, IC50<1000nM",266,45,iedb_netmhcpan_ba_ic50
imm0p15_proc1p75_ellt2_ic50lt150,0.15,1.75,2.0,False,150.0,"imm>0.15, proc>1.75, EL<2%, IC50<150nM",131,33,iedb_netmhcpan_ba_ic50
imm0p15_proc1p75_ellt2_ic50lt500,0.15,1.75,2.0,False,500.0,"imm>0.15, proc>1.75, EL<2%, IC50<500nM",236,41,iedb_netmhcpan_ba_ic50
imm0p15_proc1p75_ellt2_ic50lt1000,0.15,1.75,2.0,False,1000.0,"imm>0.15, proc>1.75, EL<2%, IC50<1000nM",298,45,iedb_netmhcpan_ba_ic50
imm0p15_proc1p75_ellt5_ic50lt150,0.15,1.75,5.0,False,150.0,"imm>0.15, proc>1.75, EL<5%, IC50<150nM",131,33,iedb_netmhcpan_ba_ic50
imm0p15_proc1p75_ellt5_ic50lt500,0.15,1.75,5.0,False,500.0,"imm>0.15, proc>1.75, EL<5%, IC50<500nM",237,41,iedb_netmhcpan_ba_ic50
imm0p15_proc1p75_ellt5_ic50lt1000,0.15,1.75,5.0,False,1000.0,"imm>0.15, proc>1.75, EL<5%, IC50<1000nM",300,45,iedb_netmhcpan_ba_ic50
imm0p15_proc1p75_ellt10_ic50lt150,0.15,1.75,10.0,False,150.0,"imm>0.15, proc>1.75, EL<10%, IC50<150nM",131,33,iedb_netmhcpan_ba_ic50
imm0p15_proc1p75_ellt10_ic50lt500,0.15,1.75,10.0,False,500.0,"imm>0.15, proc>1.75, EL<10%, IC50<500nM",237,41,iedb_netmhcpan_ba_ic50
imm0p15_proc1p75_ellt10_ic50lt1000,0.15,1.75,10.0,False,1000.0,"imm>0.15, proc>1.75, EL<10%, IC50<1000nM",300,45,iedb_netmhcpan_ba_ic50
