analysis,transition,direction,cancer_type,n_limma_z_stratum,n_limma_z_with_peptide,pct_limma_z_stratum_with_peptide,overall_tr_canonical_pct,n_canonical_tr,n_canonical_tr_with_peptide,overall_tcga_matrix_lnc_pct,n_matrix_lnc_genes,n_matrix_lnc_with_peptide,peptide_gene_set,peptide_genes_tsv
stage,E_L,up,BLCA,51,2,3.9215686274509802,4.291044776119403,1608,69,1.999326825984517,14855,297,all_smprot_filtered,C:\Users\stavz\Desktop\masters\UNDEFINED\paper-github\data\smprot_filtered.tsv
stage,E_L,up,BRCA,2,0,0.0,4.291044776119403,1608,69,1.999326825984517,14855,297,all_smprot_filtered,C:\Users\stavz\Desktop\masters\UNDEFINED\paper-github\data\smprot_filtered.tsv
stage,E_L,up,COAD,23,4,17.391304347826086,4.291044776119403,1608,69,1.999326825984517,14855,297,all_smprot_filtered,C:\Users\stavz\Desktop\masters\UNDEFINED\paper-github\data\smprot_filtered.tsv
stage,E_L,up,ESCA,0,0,,4.291044776119403,1608,69,1.999326825984517,14855,297,all_smprot_filtered,C:\Users\stavz\Desktop\masters\UNDEFINED\paper-github\data\smprot_filtered.tsv
stage,E_L,up,HNSC,4,1,25.0,4.291044776119403,1608,69,1.999326825984517,14855,297,all_smprot_filtered,C:\Users\stavz\Desktop\masters\UNDEFINED\paper-github\data\smprot_filtered.tsv
stage,E_L,up,KIRC,58,2,3.4482758620689653,4.291044776119403,1608,69,1.999326825984517,14855,297,all_smprot_filtered,C:\Users\stavz\Desktop\masters\UNDEFINED\paper-github\data\smprot_filtered.tsv
stage,E_L,up,KIRP,63,9,14.285714285714286,4.291044776119403,1608,69,1.999326825984517,14855,297,all_smprot_filtered,C:\Users\stavz\Desktop\masters\UNDEFINED\paper-github\data\smprot_filtered.tsv
stage,E_L,up,LIHC,8,3,37.5,4.291044776119403,1608,69,1.999326825984517,14855,297,all_smprot_filtered,C:\Users\stavz\Desktop\masters\UNDEFINED\paper-github\data\smprot_filtered.tsv
stage,E_L,up,LUAD,22,1,4.545454545454546,4.291044776119403,1608,69,1.999326825984517,14855,297,all_smprot_filtered,C:\Users\stavz\Desktop\masters\UNDEFINED\paper-github\data\smprot_filtered.tsv
stage,E_L,up,LUSC,1,0,0.0,4.291044776119403,1608,69,1.999326825984517,14855,297,all_smprot_filtered,C:\Users\stavz\Desktop\masters\UNDEFINED\paper-github\data\smprot_filtered.tsv
stage,E_L,up,PAAD,0,0,,4.291044776119403,1608,69,1.999326825984517,14855,297,all_smprot_filtered,C:\Users\stavz\Desktop\masters\UNDEFINED\paper-github\data\smprot_filtered.tsv
stage,E_L,up,STAD,0,0,,4.291044776119403,1608,69,1.999326825984517,14855,297,all_smprot_filtered,C:\Users\stavz\Desktop\masters\UNDEFINED\paper-github\data\smprot_filtered.tsv
stage,E_L,up,THCA,75,4,5.333333333333333,4.291044776119403,1608,69,1.999326825984517,14855,297,all_smprot_filtered,C:\Users\stavz\Desktop\masters\UNDEFINED\paper-github\data\smprot_filtered.tsv
stage,E_L,down,BLCA,31,2,6.451612903225806,4.291044776119403,1608,69,1.999326825984517,14855,297,all_smprot_filtered,C:\Users\stavz\Desktop\masters\UNDEFINED\paper-github\data\smprot_filtered.tsv
stage,E_L,down,BRCA,0,0,,4.291044776119403,1608,69,1.999326825984517,14855,297,all_smprot_filtered,C:\Users\stavz\Desktop\masters\UNDEFINED\paper-github\data\smprot_filtered.tsv
stage,E_L,down,COAD,11,1,9.090909090909092,4.291044776119403,1608,69,1.999326825984517,14855,297,all_smprot_filtered,C:\Users\stavz\Desktop\masters\UNDEFINED\paper-github\data\smprot_filtered.tsv
stage,E_L,down,ESCA,0,0,,4.291044776119403,1608,69,1.999326825984517,14855,297,all_smprot_filtered,C:\Users\stavz\Desktop\masters\UNDEFINED\paper-github\data\smprot_filtered.tsv
stage,E_L,down,HNSC,2,0,0.0,4.291044776119403,1608,69,1.999326825984517,14855,297,all_smprot_filtered,C:\Users\stavz\Desktop\masters\UNDEFINED\paper-github\data\smprot_filtered.tsv
stage,E_L,down,KIRC,46,1,2.1739130434782608,4.291044776119403,1608,69,1.999326825984517,14855,297,all_smprot_filtered,C:\Users\stavz\Desktop\masters\UNDEFINED\paper-github\data\smprot_filtered.tsv
stage,E_L,down,KIRP,40,1,2.5,4.291044776119403,1608,69,1.999326825984517,14855,297,all_smprot_filtered,C:\Users\stavz\Desktop\masters\UNDEFINED\paper-github\data\smprot_filtered.tsv
stage,E_L,down,LIHC,11,0,0.0,4.291044776119403,1608,69,1.999326825984517,14855,297,all_smprot_filtered,C:\Users\stavz\Desktop\masters\UNDEFINED\paper-github\data\smprot_filtered.tsv
stage,E_L,down,LUAD,25,0,0.0,4.291044776119403,1608,69,1.999326825984517,14855,297,all_smprot_filtered,C:\Users\stavz\Desktop\masters\UNDEFINED\paper-github\data\smprot_filtered.tsv
stage,E_L,down,LUSC,0,0,,4.291044776119403,1608,69,1.999326825984517,14855,297,all_smprot_filtered,C:\Users\stavz\Desktop\masters\UNDEFINED\paper-github\data\smprot_filtered.tsv
stage,E_L,down,PAAD,0,0,,4.291044776119403,1608,69,1.999326825984517,14855,297,all_smprot_filtered,C:\Users\stavz\Desktop\masters\UNDEFINED\paper-github\data\smprot_filtered.tsv
stage,E_L,down,STAD,0,0,,4.291044776119403,1608,69,1.999326825984517,14855,297,all_smprot_filtered,C:\Users\stavz\Desktop\masters\UNDEFINED\paper-github\data\smprot_filtered.tsv
stage,E_L,down,THCA,39,0,0.0,4.291044776119403,1608,69,1.999326825984517,14855,297,all_smprot_filtered,C:\Users\stavz\Desktop\masters\UNDEFINED\paper-github\data\smprot_filtered.tsv
stage,E_L,combined,BLCA,82,4,4.878048780487805,4.291044776119403,1608,69,1.999326825984517,14855,297,all_smprot_filtered,C:\Users\stavz\Desktop\masters\UNDEFINED\paper-github\data\smprot_filtered.tsv
stage,E_L,combined,BRCA,2,0,0.0,4.291044776119403,1608,69,1.999326825984517,14855,297,all_smprot_filtered,C:\Users\stavz\Desktop\masters\UNDEFINED\paper-github\data\smprot_filtered.tsv
stage,E_L,combined,COAD,34,5,14.705882352941176,4.291044776119403,1608,69,1.999326825984517,14855,297,all_smprot_filtered,C:\Users\stavz\Desktop\masters\UNDEFINED\paper-github\data\smprot_filtered.tsv
stage,E_L,combined,ESCA,0,0,,4.291044776119403,1608,69,1.999326825984517,14855,297,all_smprot_filtered,C:\Users\stavz\Desktop\masters\UNDEFINED\paper-github\data\smprot_filtered.tsv
stage,E_L,combined,HNSC,6,1,16.666666666666668,4.291044776119403,1608,69,1.999326825984517,14855,297,all_smprot_filtered,C:\Users\stavz\Desktop\masters\UNDEFINED\paper-github\data\smprot_filtered.tsv
stage,E_L,combined,KIRC,104,3,2.8846153846153846,4.291044776119403,1608,69,1.999326825984517,14855,297,all_smprot_filtered,C:\Users\stavz\Desktop\masters\UNDEFINED\paper-github\data\smprot_filtered.tsv
stage,E_L,combined,KIRP,103,10,9.70873786407767,4.291044776119403,1608,69,1.999326825984517,14855,297,all_smprot_filtered,C:\Users\stavz\Desktop\masters\UNDEFINED\paper-github\data\smprot_filtered.tsv
stage,E_L,combined,LIHC,19,3,15.789473684210526,4.291044776119403,1608,69,1.999326825984517,14855,297,all_smprot_filtered,C:\Users\stavz\Desktop\masters\UNDEFINED\paper-github\data\smprot_filtered.tsv
stage,E_L,combined,LUAD,47,1,2.127659574468085,4.291044776119403,1608,69,1.999326825984517,14855,297,all_smprot_filtered,C:\Users\stavz\Desktop\masters\UNDEFINED\paper-github\data\smprot_filtered.tsv
stage,E_L,combined,LUSC,1,0,0.0,4.291044776119403,1608,69,1.999326825984517,14855,297,all_smprot_filtered,C:\Users\stavz\Desktop\masters\UNDEFINED\paper-github\data\smprot_filtered.tsv
stage,E_L,combined,PAAD,0,0,,4.291044776119403,1608,69,1.999326825984517,14855,297,all_smprot_filtered,C:\Users\stavz\Desktop\masters\UNDEFINED\paper-github\data\smprot_filtered.tsv
stage,E_L,combined,STAD,0,0,,4.291044776119403,1608,69,1.999326825984517,14855,297,all_smprot_filtered,C:\Users\stavz\Desktop\masters\UNDEFINED\paper-github\data\smprot_filtered.tsv
stage,E_L,combined,THCA,114,4,3.508771929824561,4.291044776119403,1608,69,1.999326825984517,14855,297,all_smprot_filtered,C:\Users\stavz\Desktop\masters\UNDEFINED\paper-github\data\smprot_filtered.tsv
stage,III_IV,up,BLCA,0,0,,4.291044776119403,1608,69,1.999326825984517,14855,297,all_smprot_filtered,C:\Users\stavz\Desktop\masters\UNDEFINED\paper-github\data\smprot_filtered.tsv
stage,III_IV,up,BRCA,0,0,,4.291044776119403,1608,69,1.999326825984517,14855,297,all_smprot_filtered,C:\Users\stavz\Desktop\masters\UNDEFINED\paper-github\data\smprot_filtered.tsv
stage,III_IV,up,COAD,0,0,,4.291044776119403,1608,69,1.999326825984517,14855,297,all_smprot_filtered,C:\Users\stavz\Desktop\masters\UNDEFINED\paper-github\data\smprot_filtered.tsv
stage,III_IV,up,ESCA,0,0,,4.291044776119403,1608,69,1.999326825984517,14855,297,all_smprot_filtered,C:\Users\stavz\Desktop\masters\UNDEFINED\paper-github\data\smprot_filtered.tsv
stage,III_IV,up,HNSC,0,0,,4.291044776119403,1608,69,1.999326825984517,14855,297,all_smprot_filtered,C:\Users\stavz\Desktop\masters\UNDEFINED\paper-github\data\smprot_filtered.tsv
stage,III_IV,up,KIRC,1,0,0.0,4.291044776119403,1608,69,1.999326825984517,14855,297,all_smprot_filtered,C:\Users\stavz\Desktop\masters\UNDEFINED\paper-github\data\smprot_filtered.tsv
stage,III_IV,up,KIRP,0,0,,4.291044776119403,1608,69,1.999326825984517,14855,297,all_smprot_filtered,C:\Users\stavz\Desktop\masters\UNDEFINED\paper-github\data\smprot_filtered.tsv
stage,III_IV,up,LIHC,0,0,,4.291044776119403,1608,69,1.999326825984517,14855,297,all_smprot_filtered,C:\Users\stavz\Desktop\masters\UNDEFINED\paper-github\data\smprot_filtered.tsv
stage,III_IV,up,LUAD,0,0,,4.291044776119403,1608,69,1.999326825984517,14855,297,all_smprot_filtered,C:\Users\stavz\Desktop\masters\UNDEFINED\paper-github\data\smprot_filtered.tsv
stage,III_IV,up,LUSC,0,0,,4.291044776119403,1608,69,1.999326825984517,14855,297,all_smprot_filtered,C:\Users\stavz\Desktop\masters\UNDEFINED\paper-github\data\smprot_filtered.tsv
stage,III_IV,up,PAAD,0,0,,4.291044776119403,1608,69,1.999326825984517,14855,297,all_smprot_filtered,C:\Users\stavz\Desktop\masters\UNDEFINED\paper-github\data\smprot_filtered.tsv
stage,III_IV,up,STAD,3,0,0.0,4.291044776119403,1608,69,1.999326825984517,14855,297,all_smprot_filtered,C:\Users\stavz\Desktop\masters\UNDEFINED\paper-github\data\smprot_filtered.tsv
stage,III_IV,up,THCA,0,0,,4.291044776119403,1608,69,1.999326825984517,14855,297,all_smprot_filtered,C:\Users\stavz\Desktop\masters\UNDEFINED\paper-github\data\smprot_filtered.tsv
stage,III_IV,down,BLCA,0,0,,4.291044776119403,1608,69,1.999326825984517,14855,297,all_smprot_filtered,C:\Users\stavz\Desktop\masters\UNDEFINED\paper-github\data\smprot_filtered.tsv
stage,III_IV,down,BRCA,1,0,0.0,4.291044776119403,1608,69,1.999326825984517,14855,297,all_smprot_filtered,C:\Users\stavz\Desktop\masters\UNDEFINED\paper-github\data\smprot_filtered.tsv
stage,III_IV,down,COAD,0,0,,4.291044776119403,1608,69,1.999326825984517,14855,297,all_smprot_filtered,C:\Users\stavz\Desktop\masters\UNDEFINED\paper-github\data\smprot_filtered.tsv
stage,III_IV,down,ESCA,0,0,,4.291044776119403,1608,69,1.999326825984517,14855,297,all_smprot_filtered,C:\Users\stavz\Desktop\masters\UNDEFINED\paper-github\data\smprot_filtered.tsv
stage,III_IV,down,HNSC,0,0,,4.291044776119403,1608,69,1.999326825984517,14855,297,all_smprot_filtered,C:\Users\stavz\Desktop\masters\UNDEFINED\paper-github\data\smprot_filtered.tsv
stage,III_IV,down,KIRC,1,0,0.0,4.291044776119403,1608,69,1.999326825984517,14855,297,all_smprot_filtered,C:\Users\stavz\Desktop\masters\UNDEFINED\paper-github\data\smprot_filtered.tsv
stage,III_IV,down,KIRP,0,0,,4.291044776119403,1608,69,1.999326825984517,14855,297,all_smprot_filtered,C:\Users\stavz\Desktop\masters\UNDEFINED\paper-github\data\smprot_filtered.tsv
stage,III_IV,down,LIHC,0,0,,4.291044776119403,1608,69,1.999326825984517,14855,297,all_smprot_filtered,C:\Users\stavz\Desktop\masters\UNDEFINED\paper-github\data\smprot_filtered.tsv
stage,III_IV,down,LUAD,0,0,,4.291044776119403,1608,69,1.999326825984517,14855,297,all_smprot_filtered,C:\Users\stavz\Desktop\masters\UNDEFINED\paper-github\data\smprot_filtered.tsv
stage,III_IV,down,LUSC,0,0,,4.291044776119403,1608,69,1.999326825984517,14855,297,all_smprot_filtered,C:\Users\stavz\Desktop\masters\UNDEFINED\paper-github\data\smprot_filtered.tsv
stage,III_IV,down,PAAD,0,0,,4.291044776119403,1608,69,1.999326825984517,14855,297,all_smprot_filtered,C:\Users\stavz\Desktop\masters\UNDEFINED\paper-github\data\smprot_filtered.tsv
stage,III_IV,down,STAD,8,0,0.0,4.291044776119403,1608,69,1.999326825984517,14855,297,all_smprot_filtered,C:\Users\stavz\Desktop\masters\UNDEFINED\paper-github\data\smprot_filtered.tsv
stage,III_IV,down,THCA,0,0,,4.291044776119403,1608,69,1.999326825984517,14855,297,all_smprot_filtered,C:\Users\stavz\Desktop\masters\UNDEFINED\paper-github\data\smprot_filtered.tsv
stage,III_IV,combined,BLCA,0,0,,4.291044776119403,1608,69,1.999326825984517,14855,297,all_smprot_filtered,C:\Users\stavz\Desktop\masters\UNDEFINED\paper-github\data\smprot_filtered.tsv
stage,III_IV,combined,BRCA,1,0,0.0,4.291044776119403,1608,69,1.999326825984517,14855,297,all_smprot_filtered,C:\Users\stavz\Desktop\masters\UNDEFINED\paper-github\data\smprot_filtered.tsv
stage,III_IV,combined,COAD,0,0,,4.291044776119403,1608,69,1.999326825984517,14855,297,all_smprot_filtered,C:\Users\stavz\Desktop\masters\UNDEFINED\paper-github\data\smprot_filtered.tsv
stage,III_IV,combined,ESCA,0,0,,4.291044776119403,1608,69,1.999326825984517,14855,297,all_smprot_filtered,C:\Users\stavz\Desktop\masters\UNDEFINED\paper-github\data\smprot_filtered.tsv
stage,III_IV,combined,HNSC,0,0,,4.291044776119403,1608,69,1.999326825984517,14855,297,all_smprot_filtered,C:\Users\stavz\Desktop\masters\UNDEFINED\paper-github\data\smprot_filtered.tsv
stage,III_IV,combined,KIRC,2,0,0.0,4.291044776119403,1608,69,1.999326825984517,14855,297,all_smprot_filtered,C:\Users\stavz\Desktop\masters\UNDEFINED\paper-github\data\smprot_filtered.tsv
stage,III_IV,combined,KIRP,0,0,,4.291044776119403,1608,69,1.999326825984517,14855,297,all_smprot_filtered,C:\Users\stavz\Desktop\masters\UNDEFINED\paper-github\data\smprot_filtered.tsv
stage,III_IV,combined,LIHC,0,0,,4.291044776119403,1608,69,1.999326825984517,14855,297,all_smprot_filtered,C:\Users\stavz\Desktop\masters\UNDEFINED\paper-github\data\smprot_filtered.tsv
stage,III_IV,combined,LUAD,0,0,,4.291044776119403,1608,69,1.999326825984517,14855,297,all_smprot_filtered,C:\Users\stavz\Desktop\masters\UNDEFINED\paper-github\data\smprot_filtered.tsv
stage,III_IV,combined,LUSC,0,0,,4.291044776119403,1608,69,1.999326825984517,14855,297,all_smprot_filtered,C:\Users\stavz\Desktop\masters\UNDEFINED\paper-github\data\smprot_filtered.tsv
stage,III_IV,combined,PAAD,0,0,,4.291044776119403,1608,69,1.999326825984517,14855,297,all_smprot_filtered,C:\Users\stavz\Desktop\masters\UNDEFINED\paper-github\data\smprot_filtered.tsv
stage,III_IV,combined,STAD,11,0,0.0,4.291044776119403,1608,69,1.999326825984517,14855,297,all_smprot_filtered,C:\Users\stavz\Desktop\masters\UNDEFINED\paper-github\data\smprot_filtered.tsv
stage,III_IV,combined,THCA,0,0,,4.291044776119403,1608,69,1.999326825984517,14855,297,all_smprot_filtered,C:\Users\stavz\Desktop\masters\UNDEFINED\paper-github\data\smprot_filtered.tsv
stage,II_III,up,BLCA,48,3,6.25,4.291044776119403,1608,69,1.999326825984517,14855,297,all_smprot_filtered,C:\Users\stavz\Desktop\masters\UNDEFINED\paper-github\data\smprot_filtered.tsv
stage,II_III,up,BRCA,14,0,0.0,4.291044776119403,1608,69,1.999326825984517,14855,297,all_smprot_filtered,C:\Users\stavz\Desktop\masters\UNDEFINED\paper-github\data\smprot_filtered.tsv
stage,II_III,up,COAD,12,1,8.333333333333334,4.291044776119403,1608,69,1.999326825984517,14855,297,all_smprot_filtered,C:\Users\stavz\Desktop\masters\UNDEFINED\paper-github\data\smprot_filtered.tsv
stage,II_III,up,ESCA,0,0,,4.291044776119403,1608,69,1.999326825984517,14855,297,all_smprot_filtered,C:\Users\stavz\Desktop\masters\UNDEFINED\paper-github\data\smprot_filtered.tsv
stage,II_III,up,HNSC,0,0,,4.291044776119403,1608,69,1.999326825984517,14855,297,all_smprot_filtered,C:\Users\stavz\Desktop\masters\UNDEFINED\paper-github\data\smprot_filtered.tsv
stage,II_III,up,KIRC,0,0,,4.291044776119403,1608,69,1.999326825984517,14855,297,all_smprot_filtered,C:\Users\stavz\Desktop\masters\UNDEFINED\paper-github\data\smprot_filtered.tsv
stage,II_III,up,KIRP,1,0,0.0,4.291044776119403,1608,69,1.999326825984517,14855,297,all_smprot_filtered,C:\Users\stavz\Desktop\masters\UNDEFINED\paper-github\data\smprot_filtered.tsv
stage,II_III,up,LIHC,0,0,,4.291044776119403,1608,69,1.999326825984517,14855,297,all_smprot_filtered,C:\Users\stavz\Desktop\masters\UNDEFINED\paper-github\data\smprot_filtered.tsv
stage,II_III,up,LUAD,0,0,,4.291044776119403,1608,69,1.999326825984517,14855,297,all_smprot_filtered,C:\Users\stavz\Desktop\masters\UNDEFINED\paper-github\data\smprot_filtered.tsv
stage,II_III,up,LUSC,0,0,,4.291044776119403,1608,69,1.999326825984517,14855,297,all_smprot_filtered,C:\Users\stavz\Desktop\masters\UNDEFINED\paper-github\data\smprot_filtered.tsv
stage,II_III,up,PAAD,0,0,,4.291044776119403,1608,69,1.999326825984517,14855,297,all_smprot_filtered,C:\Users\stavz\Desktop\masters\UNDEFINED\paper-github\data\smprot_filtered.tsv
stage,II_III,up,STAD,0,0,,4.291044776119403,1608,69,1.999326825984517,14855,297,all_smprot_filtered,C:\Users\stavz\Desktop\masters\UNDEFINED\paper-github\data\smprot_filtered.tsv
stage,II_III,up,THCA,89,6,6.741573033707865,4.291044776119403,1608,69,1.999326825984517,14855,297,all_smprot_filtered,C:\Users\stavz\Desktop\masters\UNDEFINED\paper-github\data\smprot_filtered.tsv
stage,II_III,down,BLCA,28,1,3.5714285714285716,4.291044776119403,1608,69,1.999326825984517,14855,297,all_smprot_filtered,C:\Users\stavz\Desktop\masters\UNDEFINED\paper-github\data\smprot_filtered.tsv
stage,II_III,down,BRCA,3,1,33.333333333333336,4.291044776119403,1608,69,1.999326825984517,14855,297,all_smprot_filtered,C:\Users\stavz\Desktop\masters\UNDEFINED\paper-github\data\smprot_filtered.tsv
stage,II_III,down,COAD,0,0,,4.291044776119403,1608,69,1.999326825984517,14855,297,all_smprot_filtered,C:\Users\stavz\Desktop\masters\UNDEFINED\paper-github\data\smprot_filtered.tsv
stage,II_III,down,ESCA,0,0,,4.291044776119403,1608,69,1.999326825984517,14855,297,all_smprot_filtered,C:\Users\stavz\Desktop\masters\UNDEFINED\paper-github\data\smprot_filtered.tsv
stage,II_III,down,HNSC,0,0,,4.291044776119403,1608,69,1.999326825984517,14855,297,all_smprot_filtered,C:\Users\stavz\Desktop\masters\UNDEFINED\paper-github\data\smprot_filtered.tsv
stage,II_III,down,KIRC,0,0,,4.291044776119403,1608,69,1.999326825984517,14855,297,all_smprot_filtered,C:\Users\stavz\Desktop\masters\UNDEFINED\paper-github\data\smprot_filtered.tsv
stage,II_III,down,KIRP,0,0,,4.291044776119403,1608,69,1.999326825984517,14855,297,all_smprot_filtered,C:\Users\stavz\Desktop\masters\UNDEFINED\paper-github\data\smprot_filtered.tsv
stage,II_III,down,LIHC,0,0,,4.291044776119403,1608,69,1.999326825984517,14855,297,all_smprot_filtered,C:\Users\stavz\Desktop\masters\UNDEFINED\paper-github\data\smprot_filtered.tsv
stage,II_III,down,LUAD,0,0,,4.291044776119403,1608,69,1.999326825984517,14855,297,all_smprot_filtered,C:\Users\stavz\Desktop\masters\UNDEFINED\paper-github\data\smprot_filtered.tsv
stage,II_III,down,LUSC,0,0,,4.291044776119403,1608,69,1.999326825984517,14855,297,all_smprot_filtered,C:\Users\stavz\Desktop\masters\UNDEFINED\paper-github\data\smprot_filtered.tsv
stage,II_III,down,PAAD,0,0,,4.291044776119403,1608,69,1.999326825984517,14855,297,all_smprot_filtered,C:\Users\stavz\Desktop\masters\UNDEFINED\paper-github\data\smprot_filtered.tsv
stage,II_III,down,STAD,0,0,,4.291044776119403,1608,69,1.999326825984517,14855,297,all_smprot_filtered,C:\Users\stavz\Desktop\masters\UNDEFINED\paper-github\data\smprot_filtered.tsv
stage,II_III,down,THCA,19,0,0.0,4.291044776119403,1608,69,1.999326825984517,14855,297,all_smprot_filtered,C:\Users\stavz\Desktop\masters\UNDEFINED\paper-github\data\smprot_filtered.tsv
stage,II_III,combined,BLCA,76,4,5.2631578947368425,4.291044776119403,1608,69,1.999326825984517,14855,297,all_smprot_filtered,C:\Users\stavz\Desktop\masters\UNDEFINED\paper-github\data\smprot_filtered.tsv
stage,II_III,combined,BRCA,17,1,5.882352941176471,4.291044776119403,1608,69,1.999326825984517,14855,297,all_smprot_filtered,C:\Users\stavz\Desktop\masters\UNDEFINED\paper-github\data\smprot_filtered.tsv
stage,II_III,combined,COAD,12,1,8.333333333333334,4.291044776119403,1608,69,1.999326825984517,14855,297,all_smprot_filtered,C:\Users\stavz\Desktop\masters\UNDEFINED\paper-github\data\smprot_filtered.tsv
stage,II_III,combined,ESCA,0,0,,4.291044776119403,1608,69,1.999326825984517,14855,297,all_smprot_filtered,C:\Users\stavz\Desktop\masters\UNDEFINED\paper-github\data\smprot_filtered.tsv
stage,II_III,combined,HNSC,0,0,,4.291044776119403,1608,69,1.999326825984517,14855,297,all_smprot_filtered,C:\Users\stavz\Desktop\masters\UNDEFINED\paper-github\data\smprot_filtered.tsv
stage,II_III,combined,KIRC,0,0,,4.291044776119403,1608,69,1.999326825984517,14855,297,all_smprot_filtered,C:\Users\stavz\Desktop\masters\UNDEFINED\paper-github\data\smprot_filtered.tsv
stage,II_III,combined,KIRP,1,0,0.0,4.291044776119403,1608,69,1.999326825984517,14855,297,all_smprot_filtered,C:\Users\stavz\Desktop\masters\UNDEFINED\paper-github\data\smprot_filtered.tsv
stage,II_III,combined,LIHC,0,0,,4.291044776119403,1608,69,1.999326825984517,14855,297,all_smprot_filtered,C:\Users\stavz\Desktop\masters\UNDEFINED\paper-github\data\smprot_filtered.tsv
stage,II_III,combined,LUAD,0,0,,4.291044776119403,1608,69,1.999326825984517,14855,297,all_smprot_filtered,C:\Users\stavz\Desktop\masters\UNDEFINED\paper-github\data\smprot_filtered.tsv
stage,II_III,combined,LUSC,0,0,,4.291044776119403,1608,69,1.999326825984517,14855,297,all_smprot_filtered,C:\Users\stavz\Desktop\masters\UNDEFINED\paper-github\data\smprot_filtered.tsv
stage,II_III,combined,PAAD,0,0,,4.291044776119403,1608,69,1.999326825984517,14855,297,all_smprot_filtered,C:\Users\stavz\Desktop\masters\UNDEFINED\paper-github\data\smprot_filtered.tsv
stage,II_III,combined,STAD,0,0,,4.291044776119403,1608,69,1.999326825984517,14855,297,all_smprot_filtered,C:\Users\stavz\Desktop\masters\UNDEFINED\paper-github\data\smprot_filtered.tsv
stage,II_III,combined,THCA,108,6,5.555555555555555,4.291044776119403,1608,69,1.999326825984517,14855,297,all_smprot_filtered,C:\Users\stavz\Desktop\masters\UNDEFINED\paper-github\data\smprot_filtered.tsv
stage,I_II,up,BLCA,0,0,,4.291044776119403,1608,69,1.999326825984517,14855,297,all_smprot_filtered,C:\Users\stavz\Desktop\masters\UNDEFINED\paper-github\data\smprot_filtered.tsv
stage,I_II,up,BRCA,1,0,0.0,4.291044776119403,1608,69,1.999326825984517,14855,297,all_smprot_filtered,C:\Users\stavz\Desktop\masters\UNDEFINED\paper-github\data\smprot_filtered.tsv
stage,I_II,up,COAD,0,0,,4.291044776119403,1608,69,1.999326825984517,14855,297,all_smprot_filtered,C:\Users\stavz\Desktop\masters\UNDEFINED\paper-github\data\smprot_filtered.tsv
stage,I_II,up,ESCA,0,0,,4.291044776119403,1608,69,1.999326825984517,14855,297,all_smprot_filtered,C:\Users\stavz\Desktop\masters\UNDEFINED\paper-github\data\smprot_filtered.tsv
stage,I_II,up,HNSC,0,0,,4.291044776119403,1608,69,1.999326825984517,14855,297,all_smprot_filtered,C:\Users\stavz\Desktop\masters\UNDEFINED\paper-github\data\smprot_filtered.tsv
stage,I_II,up,KIRC,0,0,,4.291044776119403,1608,69,1.999326825984517,14855,297,all_smprot_filtered,C:\Users\stavz\Desktop\masters\UNDEFINED\paper-github\data\smprot_filtered.tsv
stage,I_II,up,KIRP,0,0,,4.291044776119403,1608,69,1.999326825984517,14855,297,all_smprot_filtered,C:\Users\stavz\Desktop\masters\UNDEFINED\paper-github\data\smprot_filtered.tsv
stage,I_II,up,LIHC,6,0,0.0,4.291044776119403,1608,69,1.999326825984517,14855,297,all_smprot_filtered,C:\Users\stavz\Desktop\masters\UNDEFINED\paper-github\data\smprot_filtered.tsv
stage,I_II,up,LUAD,1,0,0.0,4.291044776119403,1608,69,1.999326825984517,14855,297,all_smprot_filtered,C:\Users\stavz\Desktop\masters\UNDEFINED\paper-github\data\smprot_filtered.tsv
stage,I_II,up,LUSC,2,1,50.0,4.291044776119403,1608,69,1.999326825984517,14855,297,all_smprot_filtered,C:\Users\stavz\Desktop\masters\UNDEFINED\paper-github\data\smprot_filtered.tsv
stage,I_II,up,PAAD,48,5,10.416666666666666,4.291044776119403,1608,69,1.999326825984517,14855,297,all_smprot_filtered,C:\Users\stavz\Desktop\masters\UNDEFINED\paper-github\data\smprot_filtered.tsv
stage,I_II,up,STAD,47,4,8.51063829787234,4.291044776119403,1608,69,1.999326825984517,14855,297,all_smprot_filtered,C:\Users\stavz\Desktop\masters\UNDEFINED\paper-github\data\smprot_filtered.tsv
stage,I_II,up,THCA,12,0,0.0,4.291044776119403,1608,69,1.999326825984517,14855,297,all_smprot_filtered,C:\Users\stavz\Desktop\masters\UNDEFINED\paper-github\data\smprot_filtered.tsv
stage,I_II,down,BLCA,0,0,,4.291044776119403,1608,69,1.999326825984517,14855,297,all_smprot_filtered,C:\Users\stavz\Desktop\masters\UNDEFINED\paper-github\data\smprot_filtered.tsv
stage,I_II,down,BRCA,8,0,0.0,4.291044776119403,1608,69,1.999326825984517,14855,297,all_smprot_filtered,C:\Users\stavz\Desktop\masters\UNDEFINED\paper-github\data\smprot_filtered.tsv
stage,I_II,down,COAD,0,0,,4.291044776119403,1608,69,1.999326825984517,14855,297,all_smprot_filtered,C:\Users\stavz\Desktop\masters\UNDEFINED\paper-github\data\smprot_filtered.tsv
stage,I_II,down,ESCA,0,0,,4.291044776119403,1608,69,1.999326825984517,14855,297,all_smprot_filtered,C:\Users\stavz\Desktop\masters\UNDEFINED\paper-github\data\smprot_filtered.tsv
stage,I_II,down,HNSC,0,0,,4.291044776119403,1608,69,1.999326825984517,14855,297,all_smprot_filtered,C:\Users\stavz\Desktop\masters\UNDEFINED\paper-github\data\smprot_filtered.tsv
stage,I_II,down,KIRC,4,0,0.0,4.291044776119403,1608,69,1.999326825984517,14855,297,all_smprot_filtered,C:\Users\stavz\Desktop\masters\UNDEFINED\paper-github\data\smprot_filtered.tsv
stage,I_II,down,KIRP,0,0,,4.291044776119403,1608,69,1.999326825984517,14855,297,all_smprot_filtered,C:\Users\stavz\Desktop\masters\UNDEFINED\paper-github\data\smprot_filtered.tsv
stage,I_II,down,LIHC,4,0,0.0,4.291044776119403,1608,69,1.999326825984517,14855,297,all_smprot_filtered,C:\Users\stavz\Desktop\masters\UNDEFINED\paper-github\data\smprot_filtered.tsv
stage,I_II,down,LUAD,3,0,0.0,4.291044776119403,1608,69,1.999326825984517,14855,297,all_smprot_filtered,C:\Users\stavz\Desktop\masters\UNDEFINED\paper-github\data\smprot_filtered.tsv
stage,I_II,down,LUSC,45,0,0.0,4.291044776119403,1608,69,1.999326825984517,14855,297,all_smprot_filtered,C:\Users\stavz\Desktop\masters\UNDEFINED\paper-github\data\smprot_filtered.tsv
stage,I_II,down,PAAD,36,1,2.7777777777777777,4.291044776119403,1608,69,1.999326825984517,14855,297,all_smprot_filtered,C:\Users\stavz\Desktop\masters\UNDEFINED\paper-github\data\smprot_filtered.tsv
stage,I_II,down,STAD,0,0,,4.291044776119403,1608,69,1.999326825984517,14855,297,all_smprot_filtered,C:\Users\stavz\Desktop\masters\UNDEFINED\paper-github\data\smprot_filtered.tsv
stage,I_II,down,THCA,94,5,5.319148936170213,4.291044776119403,1608,69,1.999326825984517,14855,297,all_smprot_filtered,C:\Users\stavz\Desktop\masters\UNDEFINED\paper-github\data\smprot_filtered.tsv
stage,I_II,combined,BLCA,0,0,,4.291044776119403,1608,69,1.999326825984517,14855,297,all_smprot_filtered,C:\Users\stavz\Desktop\masters\UNDEFINED\paper-github\data\smprot_filtered.tsv
stage,I_II,combined,BRCA,9,0,0.0,4.291044776119403,1608,69,1.999326825984517,14855,297,all_smprot_filtered,C:\Users\stavz\Desktop\masters\UNDEFINED\paper-github\data\smprot_filtered.tsv
stage,I_II,combined,COAD,0,0,,4.291044776119403,1608,69,1.999326825984517,14855,297,all_smprot_filtered,C:\Users\stavz\Desktop\masters\UNDEFINED\paper-github\data\smprot_filtered.tsv
stage,I_II,combined,ESCA,0,0,,4.291044776119403,1608,69,1.999326825984517,14855,297,all_smprot_filtered,C:\Users\stavz\Desktop\masters\UNDEFINED\paper-github\data\smprot_filtered.tsv
stage,I_II,combined,HNSC,0,0,,4.291044776119403,1608,69,1.999326825984517,14855,297,all_smprot_filtered,C:\Users\stavz\Desktop\masters\UNDEFINED\paper-github\data\smprot_filtered.tsv
stage,I_II,combined,KIRC,4,0,0.0,4.291044776119403,1608,69,1.999326825984517,14855,297,all_smprot_filtered,C:\Users\stavz\Desktop\masters\UNDEFINED\paper-github\data\smprot_filtered.tsv
stage,I_II,combined,KIRP,0,0,,4.291044776119403,1608,69,1.999326825984517,14855,297,all_smprot_filtered,C:\Users\stavz\Desktop\masters\UNDEFINED\paper-github\data\smprot_filtered.tsv
stage,I_II,combined,LIHC,10,0,0.0,4.291044776119403,1608,69,1.999326825984517,14855,297,all_smprot_filtered,C:\Users\stavz\Desktop\masters\UNDEFINED\paper-github\data\smprot_filtered.tsv
stage,I_II,combined,LUAD,4,0,0.0,4.291044776119403,1608,69,1.999326825984517,14855,297,all_smprot_filtered,C:\Users\stavz\Desktop\masters\UNDEFINED\paper-github\data\smprot_filtered.tsv
stage,I_II,combined,LUSC,47,1,2.127659574468085,4.291044776119403,1608,69,1.999326825984517,14855,297,all_smprot_filtered,C:\Users\stavz\Desktop\masters\UNDEFINED\paper-github\data\smprot_filtered.tsv
stage,I_II,combined,PAAD,84,6,7.142857142857143,4.291044776119403,1608,69,1.999326825984517,14855,297,all_smprot_filtered,C:\Users\stavz\Desktop\masters\UNDEFINED\paper-github\data\smprot_filtered.tsv
stage,I_II,combined,STAD,47,4,8.51063829787234,4.291044776119403,1608,69,1.999326825984517,14855,297,all_smprot_filtered,C:\Users\stavz\Desktop\masters\UNDEFINED\paper-github\data\smprot_filtered.tsv
stage,I_II,combined,THCA,106,5,4.716981132075472,4.291044776119403,1608,69,1.999326825984517,14855,297,all_smprot_filtered,C:\Users\stavz\Desktop\masters\UNDEFINED\paper-github\data\smprot_filtered.tsv
metastasis,M0l_M1L,up,BLCA,0,0,,4.291044776119403,1608,69,1.999326825984517,14855,297,all_smprot_filtered,C:\Users\stavz\Desktop\masters\UNDEFINED\paper-github\data\smprot_filtered.tsv
metastasis,M0l_M1L,up,BRCA,0,0,,4.291044776119403,1608,69,1.999326825984517,14855,297,all_smprot_filtered,C:\Users\stavz\Desktop\masters\UNDEFINED\paper-github\data\smprot_filtered.tsv
metastasis,M0l_M1L,up,CESC,0,0,,4.291044776119403,1608,69,1.999326825984517,14855,297,all_smprot_filtered,C:\Users\stavz\Desktop\masters\UNDEFINED\paper-github\data\smprot_filtered.tsv
metastasis,M0l_M1L,up,COAD,1,0,0.0,4.291044776119403,1608,69,1.999326825984517,14855,297,all_smprot_filtered,C:\Users\stavz\Desktop\masters\UNDEFINED\paper-github\data\smprot_filtered.tsv
metastasis,M0l_M1L,up,ESCA,0,0,,4.291044776119403,1608,69,1.999326825984517,14855,297,all_smprot_filtered,C:\Users\stavz\Desktop\masters\UNDEFINED\paper-github\data\smprot_filtered.tsv
metastasis,M0l_M1L,up,HNSC,0,0,,4.291044776119403,1608,69,1.999326825984517,14855,297,all_smprot_filtered,C:\Users\stavz\Desktop\masters\UNDEFINED\paper-github\data\smprot_filtered.tsv
metastasis,M0l_M1L,up,KIRC,0,0,,4.291044776119403,1608,69,1.999326825984517,14855,297,all_smprot_filtered,C:\Users\stavz\Desktop\masters\UNDEFINED\paper-github\data\smprot_filtered.tsv
metastasis,M0l_M1L,up,KIRP,0,0,,4.291044776119403,1608,69,1.999326825984517,14855,297,all_smprot_filtered,C:\Users\stavz\Desktop\masters\UNDEFINED\paper-github\data\smprot_filtered.tsv
metastasis,M0l_M1L,up,LIHC,0,0,,4.291044776119403,1608,69,1.999326825984517,14855,297,all_smprot_filtered,C:\Users\stavz\Desktop\masters\UNDEFINED\paper-github\data\smprot_filtered.tsv
metastasis,M0l_M1L,up,LUAD,0,0,,4.291044776119403,1608,69,1.999326825984517,14855,297,all_smprot_filtered,C:\Users\stavz\Desktop\masters\UNDEFINED\paper-github\data\smprot_filtered.tsv
metastasis,M0l_M1L,up,LUSC,0,0,,4.291044776119403,1608,69,1.999326825984517,14855,297,all_smprot_filtered,C:\Users\stavz\Desktop\masters\UNDEFINED\paper-github\data\smprot_filtered.tsv
metastasis,M0l_M1L,up,PRAD,0,0,,4.291044776119403,1608,69,1.999326825984517,14855,297,all_smprot_filtered,C:\Users\stavz\Desktop\masters\UNDEFINED\paper-github\data\smprot_filtered.tsv
metastasis,M0l_M1L,up,STAD,0,0,,4.291044776119403,1608,69,1.999326825984517,14855,297,all_smprot_filtered,C:\Users\stavz\Desktop\masters\UNDEFINED\paper-github\data\smprot_filtered.tsv
metastasis,M0l_M1L,up,TGCT,0,0,,4.291044776119403,1608,69,1.999326825984517,14855,297,all_smprot_filtered,C:\Users\stavz\Desktop\masters\UNDEFINED\paper-github\data\smprot_filtered.tsv
metastasis,M0l_M1L,up,THCA,0,0,,4.291044776119403,1608,69,1.999326825984517,14855,297,all_smprot_filtered,C:\Users\stavz\Desktop\masters\UNDEFINED\paper-github\data\smprot_filtered.tsv
metastasis,M0l_M1L,down,BLCA,0,0,,4.291044776119403,1608,69,1.999326825984517,14855,297,all_smprot_filtered,C:\Users\stavz\Desktop\masters\UNDEFINED\paper-github\data\smprot_filtered.tsv
metastasis,M0l_M1L,down,BRCA,0,0,,4.291044776119403,1608,69,1.999326825984517,14855,297,all_smprot_filtered,C:\Users\stavz\Desktop\masters\UNDEFINED\paper-github\data\smprot_filtered.tsv
metastasis,M0l_M1L,down,CESC,0,0,,4.291044776119403,1608,69,1.999326825984517,14855,297,all_smprot_filtered,C:\Users\stavz\Desktop\masters\UNDEFINED\paper-github\data\smprot_filtered.tsv
metastasis,M0l_M1L,down,COAD,0,0,,4.291044776119403,1608,69,1.999326825984517,14855,297,all_smprot_filtered,C:\Users\stavz\Desktop\masters\UNDEFINED\paper-github\data\smprot_filtered.tsv
metastasis,M0l_M1L,down,ESCA,0,0,,4.291044776119403,1608,69,1.999326825984517,14855,297,all_smprot_filtered,C:\Users\stavz\Desktop\masters\UNDEFINED\paper-github\data\smprot_filtered.tsv
metastasis,M0l_M1L,down,HNSC,0,0,,4.291044776119403,1608,69,1.999326825984517,14855,297,all_smprot_filtered,C:\Users\stavz\Desktop\masters\UNDEFINED\paper-github\data\smprot_filtered.tsv
metastasis,M0l_M1L,down,KIRC,0,0,,4.291044776119403,1608,69,1.999326825984517,14855,297,all_smprot_filtered,C:\Users\stavz\Desktop\masters\UNDEFINED\paper-github\data\smprot_filtered.tsv
metastasis,M0l_M1L,down,KIRP,0,0,,4.291044776119403,1608,69,1.999326825984517,14855,297,all_smprot_filtered,C:\Users\stavz\Desktop\masters\UNDEFINED\paper-github\data\smprot_filtered.tsv
metastasis,M0l_M1L,down,LIHC,0,0,,4.291044776119403,1608,69,1.999326825984517,14855,297,all_smprot_filtered,C:\Users\stavz\Desktop\masters\UNDEFINED\paper-github\data\smprot_filtered.tsv
metastasis,M0l_M1L,down,LUAD,0,0,,4.291044776119403,1608,69,1.999326825984517,14855,297,all_smprot_filtered,C:\Users\stavz\Desktop\masters\UNDEFINED\paper-github\data\smprot_filtered.tsv
metastasis,M0l_M1L,down,LUSC,0,0,,4.291044776119403,1608,69,1.999326825984517,14855,297,all_smprot_filtered,C:\Users\stavz\Desktop\masters\UNDEFINED\paper-github\data\smprot_filtered.tsv
metastasis,M0l_M1L,down,PRAD,0,0,,4.291044776119403,1608,69,1.999326825984517,14855,297,all_smprot_filtered,C:\Users\stavz\Desktop\masters\UNDEFINED\paper-github\data\smprot_filtered.tsv
metastasis,M0l_M1L,down,STAD,0,0,,4.291044776119403,1608,69,1.999326825984517,14855,297,all_smprot_filtered,C:\Users\stavz\Desktop\masters\UNDEFINED\paper-github\data\smprot_filtered.tsv
metastasis,M0l_M1L,down,TGCT,0,0,,4.291044776119403,1608,69,1.999326825984517,14855,297,all_smprot_filtered,C:\Users\stavz\Desktop\masters\UNDEFINED\paper-github\data\smprot_filtered.tsv
metastasis,M0l_M1L,down,THCA,0,0,,4.291044776119403,1608,69,1.999326825984517,14855,297,all_smprot_filtered,C:\Users\stavz\Desktop\masters\UNDEFINED\paper-github\data\smprot_filtered.tsv
metastasis,M0l_M1L,combined,BLCA,0,0,,4.291044776119403,1608,69,1.999326825984517,14855,297,all_smprot_filtered,C:\Users\stavz\Desktop\masters\UNDEFINED\paper-github\data\smprot_filtered.tsv
metastasis,M0l_M1L,combined,BRCA,0,0,,4.291044776119403,1608,69,1.999326825984517,14855,297,all_smprot_filtered,C:\Users\stavz\Desktop\masters\UNDEFINED\paper-github\data\smprot_filtered.tsv
metastasis,M0l_M1L,combined,CESC,0,0,,4.291044776119403,1608,69,1.999326825984517,14855,297,all_smprot_filtered,C:\Users\stavz\Desktop\masters\UNDEFINED\paper-github\data\smprot_filtered.tsv
metastasis,M0l_M1L,combined,COAD,1,0,0.0,4.291044776119403,1608,69,1.999326825984517,14855,297,all_smprot_filtered,C:\Users\stavz\Desktop\masters\UNDEFINED\paper-github\data\smprot_filtered.tsv
metastasis,M0l_M1L,combined,ESCA,0,0,,4.291044776119403,1608,69,1.999326825984517,14855,297,all_smprot_filtered,C:\Users\stavz\Desktop\masters\UNDEFINED\paper-github\data\smprot_filtered.tsv
metastasis,M0l_M1L,combined,HNSC,0,0,,4.291044776119403,1608,69,1.999326825984517,14855,297,all_smprot_filtered,C:\Users\stavz\Desktop\masters\UNDEFINED\paper-github\data\smprot_filtered.tsv
metastasis,M0l_M1L,combined,KIRC,0,0,,4.291044776119403,1608,69,1.999326825984517,14855,297,all_smprot_filtered,C:\Users\stavz\Desktop\masters\UNDEFINED\paper-github\data\smprot_filtered.tsv
metastasis,M0l_M1L,combined,KIRP,0,0,,4.291044776119403,1608,69,1.999326825984517,14855,297,all_smprot_filtered,C:\Users\stavz\Desktop\masters\UNDEFINED\paper-github\data\smprot_filtered.tsv
metastasis,M0l_M1L,combined,LIHC,0,0,,4.291044776119403,1608,69,1.999326825984517,14855,297,all_smprot_filtered,C:\Users\stavz\Desktop\masters\UNDEFINED\paper-github\data\smprot_filtered.tsv
metastasis,M0l_M1L,combined,LUAD,0,0,,4.291044776119403,1608,69,1.999326825984517,14855,297,all_smprot_filtered,C:\Users\stavz\Desktop\masters\UNDEFINED\paper-github\data\smprot_filtered.tsv
metastasis,M0l_M1L,combined,LUSC,0,0,,4.291044776119403,1608,69,1.999326825984517,14855,297,all_smprot_filtered,C:\Users\stavz\Desktop\masters\UNDEFINED\paper-github\data\smprot_filtered.tsv
metastasis,M0l_M1L,combined,PRAD,0,0,,4.291044776119403,1608,69,1.999326825984517,14855,297,all_smprot_filtered,C:\Users\stavz\Desktop\masters\UNDEFINED\paper-github\data\smprot_filtered.tsv
metastasis,M0l_M1L,combined,STAD,0,0,,4.291044776119403,1608,69,1.999326825984517,14855,297,all_smprot_filtered,C:\Users\stavz\Desktop\masters\UNDEFINED\paper-github\data\smprot_filtered.tsv
metastasis,M0l_M1L,combined,TGCT,0,0,,4.291044776119403,1608,69,1.999326825984517,14855,297,all_smprot_filtered,C:\Users\stavz\Desktop\masters\UNDEFINED\paper-github\data\smprot_filtered.tsv
metastasis,M0l_M1L,combined,THCA,0,0,,4.291044776119403,1608,69,1.999326825984517,14855,297,all_smprot_filtered,C:\Users\stavz\Desktop\masters\UNDEFINED\paper-github\data\smprot_filtered.tsv
metastasis,M0s_M0l,up,BLCA,0,0,,4.291044776119403,1608,69,1.999326825984517,14855,297,all_smprot_filtered,C:\Users\stavz\Desktop\masters\UNDEFINED\paper-github\data\smprot_filtered.tsv
metastasis,M0s_M0l,up,BRCA,13,4,30.76923076923077,4.291044776119403,1608,69,1.999326825984517,14855,297,all_smprot_filtered,C:\Users\stavz\Desktop\masters\UNDEFINED\paper-github\data\smprot_filtered.tsv
metastasis,M0s_M0l,up,CESC,0,0,,4.291044776119403,1608,69,1.999326825984517,14855,297,all_smprot_filtered,C:\Users\stavz\Desktop\masters\UNDEFINED\paper-github\data\smprot_filtered.tsv
metastasis,M0s_M0l,up,COAD,0,0,,4.291044776119403,1608,69,1.999326825984517,14855,297,all_smprot_filtered,C:\Users\stavz\Desktop\masters\UNDEFINED\paper-github\data\smprot_filtered.tsv
metastasis,M0s_M0l,up,ESCA,49,1,2.0408163265306123,4.291044776119403,1608,69,1.999326825984517,14855,297,all_smprot_filtered,C:\Users\stavz\Desktop\masters\UNDEFINED\paper-github\data\smprot_filtered.tsv
metastasis,M0s_M0l,up,HNSC,0,0,,4.291044776119403,1608,69,1.999326825984517,14855,297,all_smprot_filtered,C:\Users\stavz\Desktop\masters\UNDEFINED\paper-github\data\smprot_filtered.tsv
metastasis,M0s_M0l,up,KIRC,40,1,2.5,4.291044776119403,1608,69,1.999326825984517,14855,297,all_smprot_filtered,C:\Users\stavz\Desktop\masters\UNDEFINED\paper-github\data\smprot_filtered.tsv
metastasis,M0s_M0l,up,KIRP,5,1,20.0,4.291044776119403,1608,69,1.999326825984517,14855,297,all_smprot_filtered,C:\Users\stavz\Desktop\masters\UNDEFINED\paper-github\data\smprot_filtered.tsv
metastasis,M0s_M0l,up,LIHC,14,2,14.285714285714286,4.291044776119403,1608,69,1.999326825984517,14855,297,all_smprot_filtered,C:\Users\stavz\Desktop\masters\UNDEFINED\paper-github\data\smprot_filtered.tsv
metastasis,M0s_M0l,up,LUAD,1,0,0.0,4.291044776119403,1608,69,1.999326825984517,14855,297,all_smprot_filtered,C:\Users\stavz\Desktop\masters\UNDEFINED\paper-github\data\smprot_filtered.tsv
metastasis,M0s_M0l,up,LUSC,0,0,,4.291044776119403,1608,69,1.999326825984517,14855,297,all_smprot_filtered,C:\Users\stavz\Desktop\masters\UNDEFINED\paper-github\data\smprot_filtered.tsv
metastasis,M0s_M0l,up,PRAD,0,0,,4.291044776119403,1608,69,1.999326825984517,14855,297,all_smprot_filtered,C:\Users\stavz\Desktop\masters\UNDEFINED\paper-github\data\smprot_filtered.tsv
metastasis,M0s_M0l,up,STAD,76,8,10.526315789473685,4.291044776119403,1608,69,1.999326825984517,14855,297,all_smprot_filtered,C:\Users\stavz\Desktop\masters\UNDEFINED\paper-github\data\smprot_filtered.tsv
metastasis,M0s_M0l,up,TGCT,15,0,0.0,4.291044776119403,1608,69,1.999326825984517,14855,297,all_smprot_filtered,C:\Users\stavz\Desktop\masters\UNDEFINED\paper-github\data\smprot_filtered.tsv
metastasis,M0s_M0l,up,THCA,1,0,0.0,4.291044776119403,1608,69,1.999326825984517,14855,297,all_smprot_filtered,C:\Users\stavz\Desktop\masters\UNDEFINED\paper-github\data\smprot_filtered.tsv
metastasis,M0s_M0l,down,BLCA,0,0,,4.291044776119403,1608,69,1.999326825984517,14855,297,all_smprot_filtered,C:\Users\stavz\Desktop\masters\UNDEFINED\paper-github\data\smprot_filtered.tsv
metastasis,M0s_M0l,down,BRCA,56,1,1.7857142857142858,4.291044776119403,1608,69,1.999326825984517,14855,297,all_smprot_filtered,C:\Users\stavz\Desktop\masters\UNDEFINED\paper-github\data\smprot_filtered.tsv
metastasis,M0s_M0l,down,CESC,1,0,0.0,4.291044776119403,1608,69,1.999326825984517,14855,297,all_smprot_filtered,C:\Users\stavz\Desktop\masters\UNDEFINED\paper-github\data\smprot_filtered.tsv
metastasis,M0s_M0l,down,COAD,0,0,,4.291044776119403,1608,69,1.999326825984517,14855,297,all_smprot_filtered,C:\Users\stavz\Desktop\masters\UNDEFINED\paper-github\data\smprot_filtered.tsv
metastasis,M0s_M0l,down,ESCA,56,0,0.0,4.291044776119403,1608,69,1.999326825984517,14855,297,all_smprot_filtered,C:\Users\stavz\Desktop\masters\UNDEFINED\paper-github\data\smprot_filtered.tsv
metastasis,M0s_M0l,down,HNSC,0,0,,4.291044776119403,1608,69,1.999326825984517,14855,297,all_smprot_filtered,C:\Users\stavz\Desktop\masters\UNDEFINED\paper-github\data\smprot_filtered.tsv
metastasis,M0s_M0l,down,KIRC,51,1,1.9607843137254901,4.291044776119403,1608,69,1.999326825984517,14855,297,all_smprot_filtered,C:\Users\stavz\Desktop\masters\UNDEFINED\paper-github\data\smprot_filtered.tsv
metastasis,M0s_M0l,down,KIRP,5,0,0.0,4.291044776119403,1608,69,1.999326825984517,14855,297,all_smprot_filtered,C:\Users\stavz\Desktop\masters\UNDEFINED\paper-github\data\smprot_filtered.tsv
metastasis,M0s_M0l,down,LIHC,47,0,0.0,4.291044776119403,1608,69,1.999326825984517,14855,297,all_smprot_filtered,C:\Users\stavz\Desktop\masters\UNDEFINED\paper-github\data\smprot_filtered.tsv
metastasis,M0s_M0l,down,LUAD,32,3,9.375,4.291044776119403,1608,69,1.999326825984517,14855,297,all_smprot_filtered,C:\Users\stavz\Desktop\masters\UNDEFINED\paper-github\data\smprot_filtered.tsv
metastasis,M0s_M0l,down,LUSC,0,0,,4.291044776119403,1608,69,1.999326825984517,14855,297,all_smprot_filtered,C:\Users\stavz\Desktop\masters\UNDEFINED\paper-github\data\smprot_filtered.tsv
metastasis,M0s_M0l,down,PRAD,0,0,,4.291044776119403,1608,69,1.999326825984517,14855,297,all_smprot_filtered,C:\Users\stavz\Desktop\masters\UNDEFINED\paper-github\data\smprot_filtered.tsv
metastasis,M0s_M0l,down,STAD,4,0,0.0,4.291044776119403,1608,69,1.999326825984517,14855,297,all_smprot_filtered,C:\Users\stavz\Desktop\masters\UNDEFINED\paper-github\data\smprot_filtered.tsv
metastasis,M0s_M0l,down,TGCT,3,0,0.0,4.291044776119403,1608,69,1.999326825984517,14855,297,all_smprot_filtered,C:\Users\stavz\Desktop\masters\UNDEFINED\paper-github\data\smprot_filtered.tsv
metastasis,M0s_M0l,down,THCA,27,0,0.0,4.291044776119403,1608,69,1.999326825984517,14855,297,all_smprot_filtered,C:\Users\stavz\Desktop\masters\UNDEFINED\paper-github\data\smprot_filtered.tsv
metastasis,M0s_M0l,combined,BLCA,0,0,,4.291044776119403,1608,69,1.999326825984517,14855,297,all_smprot_filtered,C:\Users\stavz\Desktop\masters\UNDEFINED\paper-github\data\smprot_filtered.tsv
metastasis,M0s_M0l,combined,BRCA,69,5,7.246376811594203,4.291044776119403,1608,69,1.999326825984517,14855,297,all_smprot_filtered,C:\Users\stavz\Desktop\masters\UNDEFINED\paper-github\data\smprot_filtered.tsv
metastasis,M0s_M0l,combined,CESC,1,0,0.0,4.291044776119403,1608,69,1.999326825984517,14855,297,all_smprot_filtered,C:\Users\stavz\Desktop\masters\UNDEFINED\paper-github\data\smprot_filtered.tsv
metastasis,M0s_M0l,combined,COAD,0,0,,4.291044776119403,1608,69,1.999326825984517,14855,297,all_smprot_filtered,C:\Users\stavz\Desktop\masters\UNDEFINED\paper-github\data\smprot_filtered.tsv
metastasis,M0s_M0l,combined,ESCA,105,1,0.9523809523809523,4.291044776119403,1608,69,1.999326825984517,14855,297,all_smprot_filtered,C:\Users\stavz\Desktop\masters\UNDEFINED\paper-github\data\smprot_filtered.tsv
metastasis,M0s_M0l,combined,HNSC,0,0,,4.291044776119403,1608,69,1.999326825984517,14855,297,all_smprot_filtered,C:\Users\stavz\Desktop\masters\UNDEFINED\paper-github\data\smprot_filtered.tsv
metastasis,M0s_M0l,combined,KIRC,91,2,2.197802197802198,4.291044776119403,1608,69,1.999326825984517,14855,297,all_smprot_filtered,C:\Users\stavz\Desktop\masters\UNDEFINED\paper-github\data\smprot_filtered.tsv
metastasis,M0s_M0l,combined,KIRP,10,1,10.0,4.291044776119403,1608,69,1.999326825984517,14855,297,all_smprot_filtered,C:\Users\stavz\Desktop\masters\UNDEFINED\paper-github\data\smprot_filtered.tsv
metastasis,M0s_M0l,combined,LIHC,61,2,3.278688524590164,4.291044776119403,1608,69,1.999326825984517,14855,297,all_smprot_filtered,C:\Users\stavz\Desktop\masters\UNDEFINED\paper-github\data\smprot_filtered.tsv
metastasis,M0s_M0l,combined,LUAD,33,3,9.090909090909092,4.291044776119403,1608,69,1.999326825984517,14855,297,all_smprot_filtered,C:\Users\stavz\Desktop\masters\UNDEFINED\paper-github\data\smprot_filtered.tsv
metastasis,M0s_M0l,combined,LUSC,0,0,,4.291044776119403,1608,69,1.999326825984517,14855,297,all_smprot_filtered,C:\Users\stavz\Desktop\masters\UNDEFINED\paper-github\data\smprot_filtered.tsv
metastasis,M0s_M0l,combined,PRAD,0,0,,4.291044776119403,1608,69,1.999326825984517,14855,297,all_smprot_filtered,C:\Users\stavz\Desktop\masters\UNDEFINED\paper-github\data\smprot_filtered.tsv
metastasis,M0s_M0l,combined,STAD,80,8,10.0,4.291044776119403,1608,69,1.999326825984517,14855,297,all_smprot_filtered,C:\Users\stavz\Desktop\masters\UNDEFINED\paper-github\data\smprot_filtered.tsv
metastasis,M0s_M0l,combined,TGCT,18,0,0.0,4.291044776119403,1608,69,1.999326825984517,14855,297,all_smprot_filtered,C:\Users\stavz\Desktop\masters\UNDEFINED\paper-github\data\smprot_filtered.tsv
metastasis,M0s_M0l,combined,THCA,28,0,0.0,4.291044776119403,1608,69,1.999326825984517,14855,297,all_smprot_filtered,C:\Users\stavz\Desktop\masters\UNDEFINED\paper-github\data\smprot_filtered.tsv
metastasis,ME_M1L,up,BLCA,0,0,,4.291044776119403,1608,69,1.999326825984517,14855,297,all_smprot_filtered,C:\Users\stavz\Desktop\masters\UNDEFINED\paper-github\data\smprot_filtered.tsv
metastasis,ME_M1L,up,BRCA,0,0,,4.291044776119403,1608,69,1.999326825984517,14855,297,all_smprot_filtered,C:\Users\stavz\Desktop\masters\UNDEFINED\paper-github\data\smprot_filtered.tsv
metastasis,ME_M1L,up,CESC,0,0,,4.291044776119403,1608,69,1.999326825984517,14855,297,all_smprot_filtered,C:\Users\stavz\Desktop\masters\UNDEFINED\paper-github\data\smprot_filtered.tsv
metastasis,ME_M1L,up,COAD,1,0,0.0,4.291044776119403,1608,69,1.999326825984517,14855,297,all_smprot_filtered,C:\Users\stavz\Desktop\masters\UNDEFINED\paper-github\data\smprot_filtered.tsv
metastasis,ME_M1L,up,ESCA,0,0,,4.291044776119403,1608,69,1.999326825984517,14855,297,all_smprot_filtered,C:\Users\stavz\Desktop\masters\UNDEFINED\paper-github\data\smprot_filtered.tsv
metastasis,ME_M1L,up,HNSC,0,0,,4.291044776119403,1608,69,1.999326825984517,14855,297,all_smprot_filtered,C:\Users\stavz\Desktop\masters\UNDEFINED\paper-github\data\smprot_filtered.tsv
metastasis,ME_M1L,up,KIRC,59,1,1.694915254237288,4.291044776119403,1608,69,1.999326825984517,14855,297,all_smprot_filtered,C:\Users\stavz\Desktop\masters\UNDEFINED\paper-github\data\smprot_filtered.tsv
metastasis,ME_M1L,up,KIRP,3,1,33.333333333333336,4.291044776119403,1608,69,1.999326825984517,14855,297,all_smprot_filtered,C:\Users\stavz\Desktop\masters\UNDEFINED\paper-github\data\smprot_filtered.tsv
metastasis,ME_M1L,up,LIHC,0,0,,4.291044776119403,1608,69,1.999326825984517,14855,297,all_smprot_filtered,C:\Users\stavz\Desktop\masters\UNDEFINED\paper-github\data\smprot_filtered.tsv
metastasis,ME_M1L,up,LUAD,0,0,,4.291044776119403,1608,69,1.999326825984517,14855,297,all_smprot_filtered,C:\Users\stavz\Desktop\masters\UNDEFINED\paper-github\data\smprot_filtered.tsv
metastasis,ME_M1L,up,LUSC,0,0,,4.291044776119403,1608,69,1.999326825984517,14855,297,all_smprot_filtered,C:\Users\stavz\Desktop\masters\UNDEFINED\paper-github\data\smprot_filtered.tsv
metastasis,ME_M1L,up,PRAD,0,0,,4.291044776119403,1608,69,1.999326825984517,14855,297,all_smprot_filtered,C:\Users\stavz\Desktop\masters\UNDEFINED\paper-github\data\smprot_filtered.tsv
metastasis,ME_M1L,up,STAD,0,0,,4.291044776119403,1608,69,1.999326825984517,14855,297,all_smprot_filtered,C:\Users\stavz\Desktop\masters\UNDEFINED\paper-github\data\smprot_filtered.tsv
metastasis,ME_M1L,up,TGCT,0,0,,4.291044776119403,1608,69,1.999326825984517,14855,297,all_smprot_filtered,C:\Users\stavz\Desktop\masters\UNDEFINED\paper-github\data\smprot_filtered.tsv
metastasis,ME_M1L,up,THCA,0,0,,4.291044776119403,1608,69,1.999326825984517,14855,297,all_smprot_filtered,C:\Users\stavz\Desktop\masters\UNDEFINED\paper-github\data\smprot_filtered.tsv
metastasis,ME_M1L,down,BLCA,0,0,,4.291044776119403,1608,69,1.999326825984517,14855,297,all_smprot_filtered,C:\Users\stavz\Desktop\masters\UNDEFINED\paper-github\data\smprot_filtered.tsv
metastasis,ME_M1L,down,BRCA,1,0,0.0,4.291044776119403,1608,69,1.999326825984517,14855,297,all_smprot_filtered,C:\Users\stavz\Desktop\masters\UNDEFINED\paper-github\data\smprot_filtered.tsv
metastasis,ME_M1L,down,CESC,0,0,,4.291044776119403,1608,69,1.999326825984517,14855,297,all_smprot_filtered,C:\Users\stavz\Desktop\masters\UNDEFINED\paper-github\data\smprot_filtered.tsv
metastasis,ME_M1L,down,COAD,0,0,,4.291044776119403,1608,69,1.999326825984517,14855,297,all_smprot_filtered,C:\Users\stavz\Desktop\masters\UNDEFINED\paper-github\data\smprot_filtered.tsv
metastasis,ME_M1L,down,ESCA,0,0,,4.291044776119403,1608,69,1.999326825984517,14855,297,all_smprot_filtered,C:\Users\stavz\Desktop\masters\UNDEFINED\paper-github\data\smprot_filtered.tsv
metastasis,ME_M1L,down,HNSC,0,0,,4.291044776119403,1608,69,1.999326825984517,14855,297,all_smprot_filtered,C:\Users\stavz\Desktop\masters\UNDEFINED\paper-github\data\smprot_filtered.tsv
metastasis,ME_M1L,down,KIRC,28,1,3.5714285714285716,4.291044776119403,1608,69,1.999326825984517,14855,297,all_smprot_filtered,C:\Users\stavz\Desktop\masters\UNDEFINED\paper-github\data\smprot_filtered.tsv
metastasis,ME_M1L,down,KIRP,1,0,0.0,4.291044776119403,1608,69,1.999326825984517,14855,297,all_smprot_filtered,C:\Users\stavz\Desktop\masters\UNDEFINED\paper-github\data\smprot_filtered.tsv
metastasis,ME_M1L,down,LIHC,0,0,,4.291044776119403,1608,69,1.999326825984517,14855,297,all_smprot_filtered,C:\Users\stavz\Desktop\masters\UNDEFINED\paper-github\data\smprot_filtered.tsv
metastasis,ME_M1L,down,LUAD,0,0,,4.291044776119403,1608,69,1.999326825984517,14855,297,all_smprot_filtered,C:\Users\stavz\Desktop\masters\UNDEFINED\paper-github\data\smprot_filtered.tsv
metastasis,ME_M1L,down,LUSC,0,0,,4.291044776119403,1608,69,1.999326825984517,14855,297,all_smprot_filtered,C:\Users\stavz\Desktop\masters\UNDEFINED\paper-github\data\smprot_filtered.tsv
metastasis,ME_M1L,down,PRAD,0,0,,4.291044776119403,1608,69,1.999326825984517,14855,297,all_smprot_filtered,C:\Users\stavz\Desktop\masters\UNDEFINED\paper-github\data\smprot_filtered.tsv
metastasis,ME_M1L,down,STAD,0,0,,4.291044776119403,1608,69,1.999326825984517,14855,297,all_smprot_filtered,C:\Users\stavz\Desktop\masters\UNDEFINED\paper-github\data\smprot_filtered.tsv
metastasis,ME_M1L,down,TGCT,0,0,,4.291044776119403,1608,69,1.999326825984517,14855,297,all_smprot_filtered,C:\Users\stavz\Desktop\masters\UNDEFINED\paper-github\data\smprot_filtered.tsv
metastasis,ME_M1L,down,THCA,0,0,,4.291044776119403,1608,69,1.999326825984517,14855,297,all_smprot_filtered,C:\Users\stavz\Desktop\masters\UNDEFINED\paper-github\data\smprot_filtered.tsv
metastasis,ME_M1L,combined,BLCA,0,0,,4.291044776119403,1608,69,1.999326825984517,14855,297,all_smprot_filtered,C:\Users\stavz\Desktop\masters\UNDEFINED\paper-github\data\smprot_filtered.tsv
metastasis,ME_M1L,combined,BRCA,1,0,0.0,4.291044776119403,1608,69,1.999326825984517,14855,297,all_smprot_filtered,C:\Users\stavz\Desktop\masters\UNDEFINED\paper-github\data\smprot_filtered.tsv
metastasis,ME_M1L,combined,CESC,0,0,,4.291044776119403,1608,69,1.999326825984517,14855,297,all_smprot_filtered,C:\Users\stavz\Desktop\masters\UNDEFINED\paper-github\data\smprot_filtered.tsv
metastasis,ME_M1L,combined,COAD,1,0,0.0,4.291044776119403,1608,69,1.999326825984517,14855,297,all_smprot_filtered,C:\Users\stavz\Desktop\masters\UNDEFINED\paper-github\data\smprot_filtered.tsv
metastasis,ME_M1L,combined,ESCA,0,0,,4.291044776119403,1608,69,1.999326825984517,14855,297,all_smprot_filtered,C:\Users\stavz\Desktop\masters\UNDEFINED\paper-github\data\smprot_filtered.tsv
metastasis,ME_M1L,combined,HNSC,0,0,,4.291044776119403,1608,69,1.999326825984517,14855,297,all_smprot_filtered,C:\Users\stavz\Desktop\masters\UNDEFINED\paper-github\data\smprot_filtered.tsv
metastasis,ME_M1L,combined,KIRC,87,2,2.2988505747126435,4.291044776119403,1608,69,1.999326825984517,14855,297,all_smprot_filtered,C:\Users\stavz\Desktop\masters\UNDEFINED\paper-github\data\smprot_filtered.tsv
metastasis,ME_M1L,combined,KIRP,4,1,25.0,4.291044776119403,1608,69,1.999326825984517,14855,297,all_smprot_filtered,C:\Users\stavz\Desktop\masters\UNDEFINED\paper-github\data\smprot_filtered.tsv
metastasis,ME_M1L,combined,LIHC,0,0,,4.291044776119403,1608,69,1.999326825984517,14855,297,all_smprot_filtered,C:\Users\stavz\Desktop\masters\UNDEFINED\paper-github\data\smprot_filtered.tsv
metastasis,ME_M1L,combined,LUAD,0,0,,4.291044776119403,1608,69,1.999326825984517,14855,297,all_smprot_filtered,C:\Users\stavz\Desktop\masters\UNDEFINED\paper-github\data\smprot_filtered.tsv
metastasis,ME_M1L,combined,LUSC,0,0,,4.291044776119403,1608,69,1.999326825984517,14855,297,all_smprot_filtered,C:\Users\stavz\Desktop\masters\UNDEFINED\paper-github\data\smprot_filtered.tsv
metastasis,ME_M1L,combined,PRAD,0,0,,4.291044776119403,1608,69,1.999326825984517,14855,297,all_smprot_filtered,C:\Users\stavz\Desktop\masters\UNDEFINED\paper-github\data\smprot_filtered.tsv
metastasis,ME_M1L,combined,STAD,0,0,,4.291044776119403,1608,69,1.999326825984517,14855,297,all_smprot_filtered,C:\Users\stavz\Desktop\masters\UNDEFINED\paper-github\data\smprot_filtered.tsv
metastasis,ME_M1L,combined,TGCT,0,0,,4.291044776119403,1608,69,1.999326825984517,14855,297,all_smprot_filtered,C:\Users\stavz\Desktop\masters\UNDEFINED\paper-github\data\smprot_filtered.tsv
metastasis,ME_M1L,combined,THCA,0,0,,4.291044776119403,1608,69,1.999326825984517,14855,297,all_smprot_filtered,C:\Users\stavz\Desktop\masters\UNDEFINED\paper-github\data\smprot_filtered.tsv
